symbol,name,exchange
IGBT.UN,2028 Investment Grade Bond Trust,TSX
BTCQ,3iQ Bitcoin ETF,TSX
ETHQ,3iQ Ether Staking ETF,TSX
SOLQ,3iQ Solana Staking ETF,TSX
XRPQ,3iQ XRP ETF,TSX
MMMM,3M CDR (CAD Hedged),TSX
VNP,5N Plus Inc.,TSX
AW,A & W Food Services of Canada Inc.,TSX
ABXX,Abaxx Technologies Inc.,TSX
ABT,Abbott Labs CDR (CAD Hedged),TSX
ABBV,AbbVie CDR (CAD Hedged),TSX
AAB,Aberdeen International Inc.,TSX
ABRA,AbraSilver Resource Corp.,TSX
FAP,abrdn Asia-Pacific Income Fund VCC,TSX
ADN,Acadian Timber Corp.,TSX
HDGE,Accelerate Absolute Return Fund,TSX
ARB,Accelerate Arbitrage Fund,TSX
ATSX,Accelerate Canadian Long Short Equity Fund,TSX
INCM,Accelerate Diversified Credit Income Fund,TSX
ONEC,Accelerate OneChoice Alternative Multi-Asset Fund,TSX
ACD,Accord Financial Corp.,TSX
ARA,Aclara Resources Inc.,TSX
ACX,ACT Energy Technologies Ltd.,TSX
ADCO,Adcore Inc.,TSX
ADEN,ADENTRA Inc.,TSX
DRX,ADF Group Inc.,TSX
ADBE,Adobe CDR (CAD Hedged),TSX
ACT,Aduro Clean Technologies Inc.,TSX
AMD,Advanced Micro Devices CDR (CAD Hedged),TSX
AAV,Advantage Energy Ltd.,TSX
ARE,Aecon Group Inc.,TSX
AEG,Aegis Brands Inc.,TSX
AFN,Ag Growth International Inc.,TSX
AMGR,AGF American Growth Fund,TSX
AENP,AGF Enhanced U.S. Income Plus Fund,TSX
AGSL,AGF Global Select Fund,TSX
AGF.B,AGF Management Limited,TSX
QBTL,AGF US Market Neutral Anti-Beta CAD-Hedged ETF,TSX
AEM,Agnico Eagle Mines Limited,TSX
AGTF,AGT Food and Ingredients Inc.,TSX
AIM,Aimia Inc.,TSX
AC,Air Canada,TSX
ABNB,Airbnb CDR (CAD Hedged),TSX
BOS,AirBoss of America Corp.,TSX
AKT,Akita Drilling Ltd.,TSX
AGI,Alamos Gold Inc.,TSX
AD.DB.A,Alaris Equity Partners Income Trust,TSX
ALC,Algoma Central Corporation,TSX
ASTL,Algoma Steel Group Inc.,TSX
AQN,Algonquin Power & Utilities Corp.,TSX
ATD,Alimentation Couche-Tard Inc.,TSX
ALYA,Alithya Group inc.,TSX
ALK,Alkane Resources Limited,TSX
COIL,All-Canadian Oil & Gas ETF,TSX
ALZ,Allianz CDR (CAD Hedged),TSX
AAUC,Allied Gold Corporation,TSX
AP.UN,Allied Properties Real Estate Investment Trust,TSX
GOOG,Alphabet CDR (CAD Hedged),TSX
ALA,AltaGas Ltd.,TSX
ALS,Altius Minerals Corporation,TSX
AIF,Altus Group Limited,TSX
AMAP,Amapá Minerals Holdings Inc.,TSX
AMZN,Amazon.com CDR (CAD Hedged),TSX
AXP,American Express CDR (CAD Hedged),TSX
HOT.DB.V,American Hotel Income Properties REIT LP,TSX
USA,Americas Gold and Silver Corporation,TSX
ARG,Amerigo Resources Ltd.,TSX
AMGN,Amgen CDR (CAD Hedged),TSX
APH,Amphenol CDR (CAD Hedged),TSX
ANRG,Anaergia Inc.,TSX
APM,Andean Precious Metals Corp.,TSX
ADW.A,Andrew Peller Limited/Andrew Peller Limitee,TSX
APTX,Apotex Health Corp.,TSX
APLI,Appili Therapeutics Inc.,TSX
AAPL,Apple CDR (CAD Hedged),TSX
AMAT,Applied Materials CDR (CAD Hedged),TSX
APPS,AppLovin CDR (CAD Hedged),TSX
ARX,ARC Resources Ltd.,TSX
ARIS,Aris Mining Corporation,TSX
ANET,Arista Networks CDR (CAD Hedged),TSX
ATZ,Aritzia Inc.,TSX
AMC,Arizona Metals Corp.,TSX
ADIV,Arrow EC Equity Advantage Alternative Fund,TSX
RATE,Arrow EC Income Advantage Alternative Fund,TSX
ACAA,Arrow Long/Short Alternative Fund,TSX
ARN,Asarian Energy Limited,TSX
ASML,ASML CDR (CAD Hedged),TSX
ACO.X,ATCO Ltd.,TSX
ATX,ATEX Resources Inc.,TSX
ATH,Athabasca Oil Corporation,TSX
ATRL,AtkinsRéalis Group Inc.,TSX
AI,Atrium Mortgage Investment Corporation,TSX
ATS,ATS Corporation,TSX
ACB,Aurora Cannabis Inc.,TSX
ACQ,AutoCanada Inc.,TSX
APR.UN,Automotive Properties Real Estate Investment Trust,TSX
AZO,AutoZone CDR (CAD Hedged),TSX
XLY,Auxly Cannabis Group Inc.,TSX
AVL,Avalon Advanced Materials Inc.,TSX
AVNT,Avant Brands Inc.,TSX
CAGE,Avantis CIBC All-Equity Asset Allocation ETF,TSX
CACE,Avantis CIBC Canadian Equity ETF,TSX
CAEM,Avantis CIBC Emerging Markets Equity ETF,TSX
CASV,Avantis CIBC Global Small Cap Value ETF,TSX
CADE,Avantis CIBC International Equity ETF,TSX
CAUS,Avantis CIBC U.S. All-Cap Equity ETF,TSX
CALV,Avantis CIBC U.S. Large Cap Value ETF,TSX
CAUV,Avantis CIBC U.S. Small Cap Value ETF,TSX
AVCN,Avicanna Inc.,TSX
ASM,Avino Silver & Gold Mines Ltd.,TSX
AYA,Aya Gold & Silver Inc.,TSX
BTO,B2Gold Corp.,TSX
BDGI,Badger Infrastructure Solutions Ltd.,TSX
BLDP,Ballard Power Systems Inc.,TSX
BOFA,Bank of America CDR (CAD Hedged),TSX
BMO,Bank of Montreal,TSX
BNS,Bank of Nova Scotia (The),TSX
ABX,Barrick Mining Corporation,TSX
BLCO,Bausch + Lomb Corporation,TSX
BHC,Bausch Health Companies Inc.,TSX
BYL,Baylin Technologies Inc.,TSX
BTE,Baytex Energy Corp.,TSX
BCE,BCE Inc.,TSX
BEK.B,Becker Milk Company Ltd. (The),TSX
BSX,Belo Sun Mining Corp.,TSX
BNG,Bengal Energy Ltd.,TSX
BRK,Berkshire Hathaway CDR (CAD Hedged),TSX
SQQQ,BetaPro -3x Nasdaq-100 Daily Leveraged Bear Alternative ETF,TSX
SRSL,BetaPro -3x Russell 2000 Daily Leveraged Bear Alternative ETF,TSX
SSPX,BetaPro -3x S&P 500 Daily Leveraged Bear Alternative ETF,TSX
SCND,BetaPro -3x S&P/TSX 60 Daily Leveraged Bear Alternative ETF,TSX
TQQQ,BetaPro 3x Nasdaq-100 Daily Leveraged Bull Alternative ETF,TSX
TRSL,BetaPro 3x Russell 2000 Daily Leveraged Bull Alternative ETF,TSX
TSPX,BetaPro 3x S&P 500 Daily Leveraged Bull Alternative ETF,TSX
TCND,BetaPro 3x S&P/TSX 60 Daily Leveraged Bull Alternative ETF,TSX
GDXD,BetaPro Canadian Gold Miners -2x Daily Bear ETF,TSX
GDXU,BetaPro Canadian Gold Miners 2x Daily Bull ETF,TSX
HOD,BetaPro Crude Oil Inverse Leveraged Daily Bear ETF,TSX
HOU,BetaPro Crude Oil Leveraged Daily Bull ETF,TSX
GLDD,BetaPro Gold Bullion -2x Daily Bear ETF,TSX
GLDU,BetaPro Gold Bullion 2x Daily Bull ETF,TSX
BITI,BetaPro Inverse Bitcoin ETF,TSX
QQD,BetaPro NASDAQ-100 -2x Daily Bear ETF,TSX
QQU,BetaPro NASDAQ-100 2x Daily Bull ETF,TSX
QQI,BetaPro Nasdaq-100 Daily Inverse ETF,TSX
HND,BetaPro Natural Gas Inverse Leveraged Daily Bear ETF,TSX
HNU,BetaPro Natural Gas Leveraged Daily Bull ETF,TSX
SPXD,BetaPro S&P 500 -2x Daily Bear ETF,TSX
SPXU,BetaPro S&P 500 2x Daily Bull ETF,TSX
SPXI,BetaPro S&P 500 Daily Inverse ETF,TSX
VOLX,BetaPro S&P 500 VIX Short-Term Futures ETF,TSX
CNDD,BetaPro S&P/TSX 60 -2x Daily Bear ETF,TSX
CNDU,BetaPro S&P/TSX 60 2x Daily Bull ETF,TSX
CNDI,BetaPro S&P/TSX 60 Daily Inverse ETF,TSX
NRGD,BetaPro S&P/TSX Capped Energy -2x Daily Bear ETF,TSX
NRGU,BetaPro S&P/TSX Capped Energy 2x Daily Bull ETF,TSX
CFOD,BetaPro S&P/TSX Capped Financials -2x Daily Bear ETF,TSX
CFOU,BetaPro S&P/TSX Capped Financials 2x Daily Bull ETF,TSX
SLVD,BetaPro Silver -2x Daily Bear ETF,TSX
SLVU,BetaPro Silver 2x Daily Bull ETF,TSX
BOIL,Beyond Oil Ltd.,TSX
BNK,Big Banc Split Corp.,TSX
PRM,Big Pharma Split Corp.,TSX
BR,Big Rock Brewery Inc.,TSX
BIR,Birchcliff Energy Ltd.,TSX
BCHT,Birchtech Corp.,TSX
BDT,Bird Construction Inc.,TSX
QBTC,"Bitcoin Fund, The",TSX
BDI,Black Diamond Group Limited,TSX
BKI,Black Iron Inc.,TSX
BB,BlackBerry Limited,TSX
BLK,BlackRock CDR (CAD Hedged),TSX
BX,Blackstone CDR (CAD Hedged),TSX
HBLK,Blockchain Technologies ETF,TSX
BGAU,Blossom Gold Inc.,TSX
BAMI,Blue Ant Media Corporation,TSX
RBN.UN,Blue Ribbon Income Fund,TSX
ZAG,BMO Aggregate Bond Index ETF,TSX
ZEQT,BMO All-Equity ETF,TSX
ZESG,BMO Balanced ESG ETF,TSX
ZBAL,BMO Balanced ETF,TSX
ZBI,BMO Canadian Bank Income Index ETF,TSX
ZDV,BMO Canadian Dividend ETF,TSX
ZWC,BMO Canadian High Dividend Covered Call ETF,TSX
ZMBS,BMO Canadian MBS Index ETF,TSX
ZCLN,BMO Clean Energy Index ETF,TSX
ZCON,BMO Conservative ETF,TSX
ZCB,BMO Corporate Bond Index ETF,TSX
ZCDB,BMO Corporate Discount Bond ETF,TSX
ZWB,BMO Covered Call Canadian Banks ETF,TSX
ZWA,BMO Covered Call Dow Jones Industrial Average Hedged to CAD ETF,TSX
ZWEN,BMO Covered Call Energy ETF,TSX
ZWHC,BMO Covered Call Health Care ETF,TSX
ZWGD,BMO Covered Call Spread Gold Bullion ETF,TSX
ZWT,BMO Covered Call Technology ETF,TSX
ZWK,BMO Covered Call US Banks ETF,TSX
ZWU,BMO Covered Call Utilities ETF,TSX
ZCDX,BMO Credit Stress Opportunities ETF,TSX
ZDB,BMO Discount Bond Index ETF,TSX
ZDJ,BMO Dow Jones Industrial Average Hedged to CAD Index ETF,TSX
ZEF,BMO Emerging Markets Bond Hedged to CAD Index ETF,TSX
ZEB,BMO Equal Weight Banks Index ETF,TSX
ZMT,BMO Equal Weight Global Base Metals Hedged to CAD Index ETF,TSX
ZGD,BMO Equal Weight Global Gold Index ETF,TSX
ZIN,BMO Equal Weight Industrials Index ETF,TSX
ZEO,BMO Equal Weight Oil & Gas Index ETF,TSX
ZRE,BMO Equal Weight REITs Index ETF,TSX
ZUB,BMO Equal Weight US Banks Hedged to CAD Index ETF,TSX
ZBK,BMO Equal Weight US Banks Index ETF,TSX
ZUH,BMO Equal Weight US Health Care Hedged to CAD Index ETF,TSX
ZHU,BMO Equal Weight US Health Care Index ETF,TSX
ZUT,BMO Equal Weight Utilities Index ETF,TSX
ESGB,BMO ESG Corporate Bond Index ETF,TSX
ESGF,BMO ESG US Corporate Bond Hedged to CAD Index ETF,TSX
ZWP,BMO Europe High Dividend Covered Call ETF,TSX
ZWE,BMO Europe High Dividend Covered Call Hedged to CAD ETF,TSX
ZFH,BMO Floating Rate High Yield ETF,TSX
COMM,BMO Global Communications Index ETF,TSX
DISC,BMO Global Consumer Discretionary Hedged to CAD Index ETF,TSX
STPL,BMO Global Consumer Staples Hedged to CAD Index ETF,TSX
ZWQT,BMO Global Enhanced Income Fund,TSX
ZWG,BMO Global High Dividend Covered Call ETF,TSX
ZGI,BMO Global Infrastructure Index ETF,TSX
ZGLD,BMO Gold Bullion ETF,TSX
ZGLH,BMO Gold Bullion Hedged to CAD ETF,TSX
ZGB,BMO Government Bond Index ETF,TSX
ZGRO,BMO Growth ETF,TSX
ZQB,BMO High Quality Corporate Bond Index ETF,TSX
ZHY,BMO High Yield US Corporate Bond Hedged to CAD Index ETF,TSX
ZJK,BMO High Yield US Corporate Bond Index ETF,TSX
ZDI,BMO International Dividend ETF,TSX
ZDH,BMO International Dividend Hedged to CAD ETF,TSX
ZJPN,BMO Japan Index ETF,TSX
ZJG,BMO Junior Gold Index ETF,TSX
ZPR,BMO Laddered Preferred Share Index ETF,TSX
ZLC,BMO Long Corporate Bond Index ETF,TSX
ZFL,BMO Long Federal Bond Index ETF,TSX
ZPL,BMO Long Provincial Bond Index ETF,TSX
ZLSC,BMO Long Short Canadian Equity ETF,TSX
ZLSU,BMO Long Short US Equity ETF,TSX
ZLB,BMO Low Volatility Canadian Equity ETF,TSX
ZLE,BMO Low Volatility Emerging Markets Equity ETF,TSX
ZLI,BMO Low Volatility International Equity ETF,TSX
ZLD,BMO Low Volatility International Equity Hedged to CAD ETF,TSX
ZLU,BMO Low Volatility US Equity ETF,TSX
ZLH,BMO Low Volatility US Equity Hedged to CAD ETF,TSX
ZCM,BMO Mid Corporate Bond Index ETF,TSX
ZFM,BMO Mid Federal Bond Index ETF,TSX
ZMP,BMO Mid Provincial Bond Index ETF,TSX
ZMU,BMO Mid-Term US IG Corporate Bond Hedged to CAD Index ETF,TSX
ZIC,BMO Mid-Term US IG Corporate Bond Index ETF,TSX
ZMMK,BMO Money Market Fund,TSX
ZMI,BMO Monthly Income ETF,TSX
ZGQ,BMO MSCI All Country World High Quality Index ETF,TSX
ZDIV,BMO MSCI Canada IMI High Dividend Yield Index ETF,TSX
ESGA,BMO MSCI Canada Selection Equity Index ETF,TSX
ZVC,BMO MSCI Canada Value Index ETF,TSX
ZCH,BMO MSCI China Selection Equity Index ETF,TSX
ZDM,BMO MSCI EAFE Hedged to CAD Index ETF,TSX
ZIQ,BMO MSCI EAFE High Quality Index ETF,TSX
ZEA,BMO MSCI EAFE Index ETF,TSX
ESGE,BMO MSCI EAFE Selection Equity Index ETF,TSX
ZESM,BMO MSCI EAFE Small-Mid Cap Index ETF,TSX
ZEM,BMO MSCI Emerging Markets Index ETF,TSX
ZEQ,BMO MSCI Europe High Quality Hedged to CAD Index ETF,TSX
ESGG,BMO MSCI Global Selection Equity Index ETF,TSX
ZID,BMO MSCI India Selection Equity Index ETF,TSX
ZEQL,BMO MSCI USA Equal Weight Index ETF,TSX
ZUQ,BMO MSCI USA High Quality Index ETF,TSX
ESGY,BMO MSCI USA Selection Equity Index ETF,TSX
ZVU,BMO MSCI USA Value Index ETF,TSX
ZQQ,BMO Nasdaq 100 Equity Hedged To CAD Index ETF,TSX
ZNQ,BMO Nasdaq 100 Equity Index ETF,TSX
ZPAY,BMO Premium Yield ETF,TSX
ZRR,BMO Real Return Bond Index ETF,TSX
ZUE,BMO S&P 500 Hedged to CAD Index ETF,TSX
ZSP,BMO S&P 500 Index ETF,TSX
ZMID,BMO S&P US Mid Cap Index ETF,TSX
ZSML,BMO S&P US Small Cap Index ETF,TSX
ZIU,BMO S&P/TSX 60 Index ETF,TSX
ZCN,BMO S&P/TSX Capped Composite Index ETF,TSX
ZCS,BMO Short Corporate Bond Index ETF,TSX
ZFS,BMO Short Federal Bond Index ETF,TSX
ZPS,BMO Short Provincial Bond Index ETF,TSX
ZSB,BMO Short-Term Bond Index ETF,TSX
ZSDB,BMO Short-Term Discount Bond ETF,TSX
ZSU,BMO Short-Term US IG Corporate Bond Hedged to CAD Index ETF,TSX
ZTIP,BMO Short-Term US TIPS Index ETF,TSX
ZFC,BMO SIA Focused Canadian Equity Fund,TSX
ZFN,BMO SIA Focused North American Equity Fund,TSX
ZXLC,BMO SPDR Communication Services Select Sector Index ETF,TSX
ZXLY,BMO SPDR Consumer Discretionary Select Sector Index ETF,TSX
ZXLP,BMO SPDR Consumer Staples Select Sector Index ETF,TSX
ZXLE,BMO SPDR Energy Select Sector Index ETF,TSX
ZXLF,BMO SPDR Financials Select Sector Index ETF,TSX
ZXLV,BMO SPDR Health Care Select Sector Index ETF,TSX
ZXLI,BMO SPDR Industrials Select Sector Index ETF,TSX
ZXLB,BMO SPDR Materials Select Sector Index ETF,TSX
ZXLR,BMO SPDR Real Estate Select Sector Index ETF,TSX
ZXLK,BMO SPDR Technology Select Sector Index ETF,TSX
ZXLU,BMO SPDR Utilities Select Sector Index ETF,TSX
ZZZD,BMO Tactical Dividend ETF Fund,TSX
ZXCO,BMO Target 2027 Canadian Corporate Bond ETF,TSX
ZXCP,BMO Target 2028 Canadian Corporate Bond ETF,TSX
ZXCQ,BMO Target 2029 Canadian Corporate Bond ETF,TSX
ZACE,BMO U.S. All Cap Equity Fund,TSX
ZST,BMO Ultra Short-Term Bond ETF,TSX
ZUS.U,BMO Ultra Short-Term US Bond ETF,TSX
ZUAG,BMO US Aggregate Bond Index ETF,TSX
ZDY,BMO US Dividend ETF,TSX
ZUD,BMO US Dividend Hedged to CAD ETF,TSX
ZWH,BMO US High Dividend Covered Call ETF,TSX
ZWS,BMO US High Dividend Covered Call Hedged to CAD ETF,TSX
ZHP,BMO US Preferred Share Hedged to CAD Index ETF,TSX
ZUP,BMO US Preferred Share Index ETF,TSX
ZPW,BMO US Put Write ETF,TSX
ZPH,BMO US Put Write Hedged to CAD ETF,TSX
ZUCM,BMO USD Cash Management ETF,TSX
GBT,BMTC Group Inc.,TSX
BMW,BMW CDR (CAD Hedged),TSX
BEI.UN,Boardwalk Real Estate Investment Trust,TSX
BA,Boeing CDR (CAD Hedged),TSX
BBD.A,Bombardier Inc.,TSX
BNE,Bonterra Energy Corp.,TSX
BKNG,Booking CDR (CAD Hedged),TSX
BLX,Boralex Inc.,TSX
BPF.UN,Boston Pizza Royalties Income Fund,TSX
BYD,Boyd Group Services Inc.,TSX
BRAG,Bragg Gaming Group Inc.,TSX
BRY,Bri-Chem Corp.,TSX
BCT,BriaCell Therapeutics Corp.,TSX
BRE,Bridgemarq Real Estate Services Inc.,TSX
BGC,Bristol Gate Concentrated Canadian Equity ETF,TSX
BGU,Bristol Gate Concentrated US Equity ETF,TSX
AVGO,Broadcom CDR (CAD Hedged),TSX
KNGC,Brompton Canadian Cash Flow Kings ETF,TSX
ESP,Brompton Energy Split Corp.,TSX
BMAX,Brompton Enhanced Multi-Asset Income ETF,TSX
EDGF,Brompton European Dividend Growth ETF,TSX
BEPR,Brompton Flaherty & Crumrine Enhanced Investment Grade Preferred ETF,TSX
BPRF,Brompton Flaherty & Crumrine Investment Grade Preferred ETF,TSX
KNGG,Brompton Global Cash Flow Kings ETF,TSX
BDIV,Brompton Global Dividend Growth ETF,TSX
PAYG,Brompton Global Equity HighPay ETF,TSX
HIG,Brompton Global Healthcare Income & Growth ETF,TSX
BGIE,Brompton Global Infrastructure ETF,TSX
KNGX,Brompton International Cash Flow Kings ETF,TSX
LCS,Brompton Lifeco Split Corp.,TSX
BFIN,Brompton North American Financials Dividend ETF,TSX
BLOV,Brompton North American Low Volatility Dividend ETF,TSX
SBC,Brompton Split Banc Corp.,TSX
CLSA,Brompton Split Corp. Enhanced Equity Income ETF,TSX
SPLT,Brompton Split Corp. Preferred Share ETF,TSX
TLF,Brompton Tech Leaders Income ETF,TSX
KNGU,Brompton U.S. Cash Flow Kings ETF,TSX
PAYU,Brompton U.S. Equity HighPay ETF,TSX
PAYI,Brompton Utilities & Infrastructure HighPay ETF,TSX
BAAA,Brompton Wellington Square AAA CLO ETF,TSX
BBBB,Brompton Wellington Square Investment Grade CLO ETF,TSX
BAM,Brookfield Asset Management Ltd.,TSX
BBUC,Brookfield Business Corporation,TSX
BN,Brookfield Corporation,TSX
BGI.UN,Brookfield Global Infrastructure Securities Income Fund,TSX
BIPC,Brookfield Infrastructure Corporation,TSX
BIP.PR.E,Brookfield Infrastructure Partners L.P.,TSX
BPO.PR.A,Brookfield Office Properties Inc.,TSX
BPYP.PR.A,Brookfield Property Preferred L.P.,TSX
BPS.PR.A,Brookfield Property Split Corp.,TSX
BEPC,Brookfield Renewable Corporation,TSX
BEP.PR.M,Brookfield Renewable Partners L.P.,TSX
BRF.PR.A,Brookfield Renewable Power Preferred Equity Inc.,TSX
BNT,Brookfield Wealth Solutions Ltd.,TSX
DOO,BRP Inc.,TSX
HOM.U,BSR Real Estate Investment Trust,TSX
BTB.DB.I,BTB Real Estate Investment Trust,TSX
BNKR,Bunker Hill Mining Corp.,TSX
BU,Burcon Nutrascience Corporation,TSX
CADY,Cadillac Mines Corporation,TSX
CAE,CAE Inc.,TSX
CWL,Caldwell Partners International Inc. (The),TSX
UDA,Caldwell U.S. Dividend Advantage Fund,TSX
CFW,Calfrac Well Services Ltd.,TSX
CGY,Calian Group Ltd.,TSX
CCO,Cameco Corporation,TSX
CF,Canaccord Genuity Group Inc.,TSX
GOOS,Canada Goose Holdings Inc.,TSX
CPKR,Canada Packers Inc.,TSX
CAR.UN,Canadian Apartment Properties Real Estate Investment Trust,TSX
BK,Canadian Banc Corp.,TSX
CGI,"Canadian General Investments, Limited",TSX
CM,Canadian Imperial Bank Of Commerce,TSX
NPS,Canadian Large Cap Leaders Split Corp.,TSX
LFE,Canadian Life Companies Split Corp.,TSX
CNR,Canadian National Railway Company,TSX
CNQ,Canadian Natural Resources Limited,TSX
CP,Canadian Pacific Kansas City Limited,TSX
CTC,"Canadian Tire Corporation, Limited",TSX
CU,Canadian Utilities Limited,TSX
CCM,Canagold Resources Ltd.,TSX
CFP,Canfor Corporation,TSX
ICE,Canlan Ice Sports Corp.,TSX
LOVE,Cannara Biotech Inc.,TSX
EIT.PR.A,Canoe EIT Income Fund,TSX
WEED,Canopy Growth Corporation,TSX
CAPQ,Capital Group Global Developed Equity Select ETF (Canada),TSX
CAPG,Capital Group Global Equity Select ETFTM (Canada),TSX
CAPN,Capital Group International Developed Equity Select ETF (Canada),TSX
CAPI,Capital Group International Equity Select ETFTM (Canada),TSX
CAPM,Capital Group Multi-Sector Income Select ETFTM (Canada),TSX
CAPU,Capital Group U.S. Equity Select ETF (Canada),TSX
CAPW,Capital Group World Bond Select ETFTM (Canada),TSX
CPX,Capital Power Corporation,TSX
BIVC,Capstone Biblically Informed Canadian Equity Fund,TSX
BIVU,Capstone Biblically Informed U.S. Equity Fund,TSX
CS,Capstone Copper Corp.,TSX
CSE.PR.A,Capstone Infrastructure Corporation,TSX
CJ,Cardinal Energy Ltd.,TSX
CRDL,Cardiol Therapeutics Inc.,TSX
CRRX,CareRx Corporation,TSX
CJT,Cargojet Inc.,TSX
CUP.U,"Caribbean Utilities Company, Ltd.",TSX
CAS,Cascades Inc.,TSX
CATR,Caterpillar CDR (CAD Hedged),TSX
CVVY,Cavvy Energy Ltd.,TSX
CCL.A,CCL Industries Inc.,TSX
CLS,Celestica Inc.,TSX
CEMX,CEMATRIX Corporation,TSX
CVE,Cenovus Energy Inc.,TSX
CG,Centerra Gold Inc.,TSX
CNT,Century Global Commodities Corporation,TSX
CEU,CES Energy Solutions Corp.,TSX
GIB.A,CGI Inc.,TSX
CIA,Champion Iron Limited,TSX
SCHW,Charles Schwab CDR (CAD Hedged),TSX
CWEB,"Charlotte's Web Holdings, Inc.",TSX
CSH.UN,Chartwell Retirement Residences,TSX
CHE.DB.I,Chemtrade Logistics Income Fund,TSX
CVX,Chevron CDR (CAD Hedged),TSX
CGG,China Gold International Resources Corp. Ltd.,TSX
CMGS,Chipotle CDR (CAD Hedged),TSX
CHP.UN,Choice Properties Real Estate Investment Trust,TSX
CHR,Chorus Aviation Inc.,TSX
BXF,CI 1-5 Year Laddered Government Strip Bond Index ETF,TSX
PSB,CI 1-5 Year Laddered Investment Grade Corporate Bond Index ETF,TSX
CMDO,CI Alternative Diversified Opportunities Fund,TSX
CRED,CI Alternative Investment Grade Credit Fund,TSX
CNAO,CI Alternative North American Opportunities Fund,TSX
CCOM,CI Auspice Broad Commodity Fund,TSX
CBAL,CI Balanced Asset Allocation ETF,TSX
CBGR,CI Balanced Growth Asset Allocation ETF,TSX
CBIN,CI Balanced Income Asset Allocation ETF,TSX
CBAP,CI Balanced+ Asset Allocation ETF Fund,TSX
DGRC,CI Canada Quality Dividend Growth Index ETF,TSX
CAGG,CI Canadian Aggregate Bond Index ETF,TSX
CIC,CI Canadian Banks Covered Call Income Class ETF,TSX
CXF,CI Canadian Convertible Bond ETF,TSX
PDC,CI Canadian Dividend Index ETF,TSX
PFL,CI Canadian Government Floating Rate Index ETF,TSX
RIT,CI Canadian REIT ETF,TSX
CAGS,CI Canadian Short-Term Aggregate Bond Index ETF,TSX
CCNV,CI Conservative Asset Allocation ETF,TSX
CBUG,CI Digital Security Index ETF,TSX
CDLB,CI DoubleLine Total Return Bond US$ Fund,TSX
CIEM,CI Emerging Markets Alpha ETF,TSX
EMV.B,CI Emerging Markets Dividend Index ETF,TSX
NXF,CI Energy Giants Covered Call ETF,TSX
FGO,CI Enhanced Government Bond ETF,TSX
FSB,CI Enhanced Short Duration Bond Fund,TSX
CEQT,CI Equity Asset Allocation ETF,TSX
CEQP,CI Equity+ Asset Allocation ETF Fund,TSX
QQCE,CI ESG NASDAQ 100 Index ETF,TSX
EHE,CI Europe Hedged Equity Index ETF,TSX
CFRT,CI Floating Rate Income Fund,TSX
BTCX,CI Galaxy Bitcoin ETF,TSX
CBCX,CI Galaxy Blockchain Index ETF,TSX
CCCX,CI Galaxy Core Multi-Crypto ETF,TSX
ETHX,CI Galaxy Ethereum ETF,TSX
CMCX,CI Galaxy Multi-Crypto Navigator ETF,TSX
SOLX,CI Galaxy Solana ETF,TSX
CINV,CI Global Alpha Innovators ETF,TSX
CIAI,CI Global Artificial Intelligence Fund,TSX
CGAA,CI Global Asset Allocation Private Pool,TSX
CLML,CI Global Climate Leaders Fund,TSX
ONEQ,CI Global Core Plus Equity ETF,TSX
CGDI,CI Global Dividend Private Pool,TSX
FSF,CI Global Financial Sector ETF,TSX
CGRB,CI Global Green Bond Fund,TSX
CINF,CI Global Infrastructure Private Pool,TSX
CGIN,CI Global Investment Grade ETF,TSX
LONG,CI Global Longevity Economy Fund,TSX
CGDV,CI Global Minimum Downside Volatility Index Fund,TSX
CGQD.B,CI Global Quality Dividend Growth Index ETF,TSX
CGRA,CI Global Real Asset Private Pool,TSX
CGRE,CI Global REIT Private Pool,TSX
CGRN,CI Global Sustainable Infrastructure Fund,TSX
CUBD,CI Global Unconstrained Bond Fund,TSX
VALT,CI Gold Bullion ETF,TSX
CGXF,CI Gold+ Giants Covered Call ETF,TSX
CGRO,CI Growth Asset Allocation ETF,TSX
FHI,CI Health Care Giants Covered Call ETF,TSX
CSAV,CI High Interest Savings ETF,TSX
CGHY,CI High Yield Bond Private Pool,TSX
CHNA.B,CI ICBCUBS S&P China 500 Index ETF,TSX
IQD,CI International Quality Dividend Growth Index ETF,TSX
IIMF,CI Invesco International Developed Multifactor Index ETF,TSX
QQC,CI Invesco NASDAQ 100 Index ETF,TSX
QQJR,CI Invesco NASDAQ Next Gen 100 Index ETF,TSX
PZW,CI Invesco RAFI Global Small-Mid ETF,TSX
PXU.F,CI Invesco RAFI U.S. Index ETF,TSX
PXS,CI Invesco RAFI U.S. Index ETF II,TSX
IUMF,CI Invesco Russell 1000 Multifactor Index ETF,TSX
EQL,CI Invesco S&P 500 Equal Weight Index ETF,TSX
ULV.C,CI Invesco S&P 500 Low Volatility Index ETF,TSX
FIG,CI Investment Grade Bond ETF,TSX
JAPN,CI Japan Equity Index ETF,TSX
CMAR,CI Marret Alternative Absolute Return Bond Fund,TSX
CMEY,CI Marret Alternative Enhanced Yield Fund,TSX
CMNY,CI Money Market ETF,TSX
WXM,CI Morningstar Canada Momentum Index ETF,TSX
FXM,CI Morningstar Canada Value Index ETF,TSX
IGET,CI Morningstar Global Energy Transition Index ETF,TSX
INAI,CI Morningstar Global Next Gen AI Index ETF,TSX
ZXM,CI Morningstar International Momentum Index ETF,TSX
VXM,CI Morningstar International Value Index ETF,TSX
QXM,CI Morningstar National Bank Quebec Index ETF,TSX
CMAG,CI Munro Alternative Global Growth Fund,TSX
CMGG,CI Munro Global Growth Equity Fund,TSX
QQEQ,CI NASDAQ 100 Equal Weight Index ETF,TSX
ONEB,CI North American Core Plus Bond ETF,TSX
FPR,CI Preferred Share ETF,TSX
PXC,CI RAFI Canadian Index ETF,TSX
ESG,CI S&P 500 ESG Index ETF,TSX
IIAE,CI S&P International Developed Dividend Aristocrats ESG Index ETF,TSX
IICE,CI S&P International Developed ESG Index ETF,TSX
IUAE,CI S&P US Dividend Aristocrats ESG Index ETF,TSX
EQLT,CI S&P/TSX 60 Equal Weight Index ETF,TSX
ICAE,CI S&P/TSX Canadian Dividend Aristocrats ESG Index ETF,TSX
ESGC,CI S&P/TSX Composite ESG Index ETF,TSX
TLV,CI S&P/TSX Composite Low Volatility Index ETF,TSX
CTMA,CI Target 2028 Investment Grade Bond Fund,TSX
CTMB,CI Target 2029 Investment Grade Bond Fund,TSX
CTMC,CI Target 2030 Investment Grade Bond Fund,TSX
TXF,CI Tech Giants Covered Call ETF,TSX
FLI,CI U.S. & Canada Lifeco Covered Call ETF,TSX
CCBD,CI U.S. Aggregate Bond Covered Call ETF,TSX
CMOM,CI U.S. Enhanced Momentum Index ETF,TSX
CVLU,CI U.S. Enhanced Value Index Fund,TSX
UMI,CI U.S. MidCap Dividend Index ETF,TSX
CUDV,CI U.S. Minimum Downside Volatility Index ETF,TSX
UMNY.U,CI U.S. Money Market ETF,TSX
CUIG,CI U.S. Monthly Income Private Pool,TSX
DGR,CI U.S. Quality Dividend Growth Index ETF,TSX
CSMD,CI U.S. Small/Mid Cap Equity Private Pool,TSX
IUFR.U,CI US Treasury Floating Rate Note Index ETF (USD),TSX
CUTL,CI Utilities Giants Covered Call ETF,TSX
CACB,CIBC Active Investment Grade Corporate Bond ETF,TSX
CFRN,CIBC Active Investment Grade Floating Rate Bond ETF,TSX
CEQY,CIBC All-Equity ETF Portfolio,TSX
CBLN,CIBC Balanced ETF Portfolio,TSX
CGRW,CIBC Balanced Growth ETF Portfolio,TSX
CCCB,CIBC Canadian Banks Covered Call ETF,TSX
CCBI,CIBC Canadian Bond Index ETF,TSX
CALB,CIBC Canadian Government Long-Term Bond ETF,TSX
CCDC,CIBC Canadian High Dividend Covered Call ETF,TSX
CSBI,CIBC Canadian Short-Term Bond Index ETF,TSX
CCON,CIBC Conservative ETF Portfolio,TSX
CCNS,CIBC Conservative Fixed Income Pool,TSX
CCRE,CIBC Core Fixed Income Pool,TSX
CPLS,CIBC Core Plus Fixed Income Pool,TSX
CFLX,CIBC Flexible Yield ETF (CAD-Hedged),TSX
CGBI,CIBC Global Bond ex-Canada Index ETF (CAD-Hedged),TSX
CGLO,CIBC Global Growth ETF,TSX
CINT,CIBC International Equity ETF,TSX
CCEI,CIBC MSCI Canada Equity Index ETF,TSX
CIEI,CIBC MSCI EAFE Equity Index ETF,TSX
CIEH,CIBC MSCI EAFE Equity Index ETF (CAD Hedged),TSX
CEMI,CIBC MSCI Emerging Markets Equity Index ETF,TSX
CUEI,CIBC MSCI USA Equity Index ETF,TSX
CUEH,CIBC MSCI USA Equity Index ETF (CAD Hedged),TSX
CCAD,CIBC Premium Cash Management ETF,TSX
CUDC,CIBC U.S. High Dividend Covered Call ETF,TSX
CUSD.U,CIBC USD Premium Cash Management ETF,TSX
CGX,Cineplex Inc.,TSX
CPH,Cipher Pharmaceuticals Inc.,TSX
CSCO,Cisco CDR (CAD Hedged),TSX
CTF.UN,Citadel Income Fund,TSX
CITI,Citigroup CDR (CAD Hedged),TSX
CVG,Clairvest Group Inc.,TSX
CKI,Clarke Inc.,TSX
CLCH,Clinch Resources Ltd.,TSX
CCS.PR.C,Co-operators General Insurance Company,TSX
COLA,Coca-Cola CDR (CAD Hedged),TSX
CDE,"Coeur Mining, Inc.",TSX
CCA,Cogeco Communications Inc.,TSX
CGO,Cogeco Inc.,TSX
COIN,Coinbase CDR (CAD Hedged),TSX
CNL,Collective Mining Ltd.,TSX
CIGI,Colliers International Group Inc.,TSX
YCM,Commerce Split Corp.,TSX
CMG,Computer Modelling Group Ltd.,TSX
CDR,Condor Energies Inc.,TSX
CFF,Conifex Timber Inc.,TSX
STZ,Constellation Brands CDR (CAD Hedged),TSX
CEGS,Constellation Energy CDR (CAD Hedged),TSX
CSU,Constellation Software Inc.,TSX
CTGO,Contango Silver & Gold Inc.,TSX
COPR,Coppernico Metals Inc.,TSX
CSW.A,Corby Spirit and Wine Limited,TSX
CRWV,CoreWeave CDR (CAD Hedged),TSX
RAAA,Corton Enhanced Income Fund,TSX
CJR.B,Corus Entertainment Inc.,TSX
CSCI,COSCIENS Biopharma Inc.,TSX
COST,Costco CDR (CAD Hedged),TSX
CCGP,Counterpoint Global CIBC Global Permanence ETF,TSX
CCIP,Counterpoint Global CIBC International Permanence ETF,TSX
CCUL,Counterpoint Global CIBC U.S. Large Cap Growth ETF,TSX
CCUS,Counterpoint Global CIBC U.S. Small Cap Growth ETF,TSX
CVO,Coveo Solutions Inc.,TSX
CRR.UN,Crombie Real Estate Investment Trust,TSX
CRON,Cronos Group Inc.,TSX
CRWD,CrowdStrike CDR (CAD Hedged),TSX
CRWN,Crown Capital Partners Inc.,TSX
CRT.UN,CT Real Estate Investment Trust,TSX
CIU.PR.A,CU Inc.,TSX
CURA,"Curaleaf Holdings, Inc.",TSX
CXI,"Currency Exchange International, Corp.",TSX
CHLT,Custom Health Holdings Inc.,TSX
CVS,CVS Health CDR (CAD Hedged),TSX
CYB,Cymbria Corporation,TSX
DBO,D-Box Technologies Inc.,TSX
DHI,D.R. Horton CDR (CAD Hedged),TSX
DTOL,D2L Inc.,TSX
DCM,Data Communications Management Corp.,TSX
DEER,Deere CDR (CAD Hedged),TSX
DFY,Definity Financial Corporation,TSX
DML,Denison Mines Corp.,TSX
DSG,Descartes Systems Group Inc. (The),TSX
DCC,Desjardins 1-5 year Laddered Canadian Corporate Bond Index ETF,TSX
DCG,Desjardins 1-5 year Laddered Canadian Government Bond Index ETF,TSX
DAMG,Desjardins Absolute Return Global Equity Markets ETF,TSX
DACU,Desjardins Active Canadian Bond Universe ETF,TSX
DMEU,Desjardins American Equity Index ETF,TSX
DMID,Desjardins American Mid Cap Equity Index ETF,TSX
DCBC,Desjardins Canadian Corporate Bond Index ETF,TSX
DMEC,Desjardins Canadian Equity Index ETF,TSX
DACL,Desjardins Canadian Equity Leaders ETF,TSX
DCP,Desjardins Canadian Preferred Share Index ETF,TSX
DCS,Desjardins Canadian Short Term Bond Index ETF,TSX
DCU,Desjardins Canadian Universe Bond Index ETF,TSX
DMEE,Desjardins Emerging Markets Equity Index ETF,TSX
DGGB,Desjardins Global Government Bond Index ETF,TSX
DGLM,Desjardins Global Macro ETF,TSX
DAGL,Desjardins Global Opportunities ETF,TSX
DMEI,Desjardins International Equity Index ETF,TSX
DANC,Desjardins Market Neutral ETF,TSX
DMQC,Desjardins Quebec Equity ETF,TSX
DRCU,Desjardins RI Active Canadian Bond - Net-Zero Emissions Pathway ETF,TSX
DRMC,Desjardins RI Canada - Net-Zero Emissions Pathway ETF,TSX
DRFC,Desjardins RI Canada Multifactor - Net-Zero Emissions Pathway ETF,TSX
DRMD,Desjardins RI Developed ex-USA ex-Canada - Net-Zero Emissions Pathway ETF,TSX
DRME,Desjardins RI Emerging Markets - Net-Zero Emissions Pathway ETF,TSX
DRFE,Desjardins RI Emerging Markets Multifactor - Net-Zero Emissions Pathway ETF,TSX
DRFG,Desjardins RI Global Multifactor - Fossil Fuel Reserves Free ETF,TSX
DRMU,Desjardins RI USA - Net-Zero Emissions Pathway ETF,TSX
DRFU,Desjardins RI USA Multifactor - Net-Zero Emissions Pathway ETF,TSX
DUIG,Desjardins US Investment Grade Corporate Bond Index ETF,TSX
DRFD,DesjardinsRIDeveloped ex-USAex-Canada Multifactor-Net-ZeroEmissionsPathwayETF,TSX
DXT,Dexterra Group Inc.,TSX
DRT,DIRTT Environmental Solutions Ltd.,TSX
DSV,Discovery Mining Ltd.,TSX
DIV,Diversified Royalty Corp.,TSX
DFN,Dividend 15 Split Corp.,TSX
DF,Dividend 15 Split Corp. II,TSX
DGS,Dividend Growth Split Corp.,TSX
DS,Dividend Select 15 Corp.,TSX
DCBO,Docebo Inc.,TSX
DOL,Dollarama Inc.,TSX
DBM,Doman Building Materials Group Ltd.,TSX
DLCG,Dominion Lending Centres Inc.,TSX
DII.A,Dorel Industries Inc.,TSX
DPM,DPM Metals Inc.,TSX
MPCT.DB,Dream Impact Trust,TSX
DIR.UN,Dream Industrial Real Estate Investment Trust,TSX
D.UN,Dream Office Real Estate Investment Trust,TSX
DRM,DREAM Unlimited Corp.,TSX
DHT.U,DRI Healthcare Trust,TSX
DC.A,Dundee Corporation,TSX
DND,Dye & Durham Limited,TSX
DYA,dynaCERT Inc.,TSX
DNG,Dynacor Group Inc.,TSX
DXBB,Dynamic Active Bond ETF,TSX
DXBC,Dynamic Active Canadian Bond ETF,TSX
DXC,Dynamic Active Canadian Dividend ETF,TSX
DXCB,Dynamic Active Corporate Bond ETF,TSX
DXO,Dynamic Active Crossover Bond ETF,TSX
DXDB,Dynamic Active Discount Bond ETF,TSX
DXEM,Dynamic Active Emerging Markets ETF,TSX
DXQ,Dynamic Active Enhanced Yield Covered Options ETF,TSX
DXG,Dynamic Active Global Dividend ETF,TSX
DXGE,Dynamic Active Global Equity Income ETF,TSX
DXF,Dynamic Active Global Financial Services ETF,TSX
DXAU,Dynamic Active Global Gold ETF,TSX
DXN,Dynamic Active Global Infrastructure ETF,TSX
DXID,Dynamic Active Innovation and Disruption ETF,TSX
DXW,Dynamic Active International Dividend ETF,TSX
DXIF,Dynamic Active International ETF,TSX
DXMO,Dynamic Active Mining Opportunities ETF,TSX
DXP,Dynamic Active Preferred Shares ETF,TSX
DXRE,Dynamic Active Real Estate ETF,TSX
DXB,Dynamic Active Tactical Bond ETF,TSX
DXDU.U,Dynamic Active U.S. Discount Bond ETF,TSX
DXU,Dynamic Active U.S. Dividend ETF,TSX
DXUS,Dynamic Active U.S. Equity ETF,TSX
DXBU,Dynamic Active U.S. Investment Grade Corporate Bond ETF,TSX
DXZ,Dynamic Active U.S. Mid-Cap ETF,TSX
DXV,Dynamic Active Ultra Short Term Bond ETF,TSX
DXCO,Dynamic Credit Opportunities Fund,TSX
DXBG,Dynamic Global Fixed Income Fund,TSX
DXR,Dynamic Retirement Income Fund,TSX
DXCP,Dynamic Short Term Credit PLUS Fund,TSX
ENS,E Split Corp.,TSX
ELF,E-L Financial Corporation Limited,TSX
EAGR,East Side Games Group Inc.,TSX
ELR,Eastern Platinum Limited,TSX
ECN.DB.A,ECN Capital Corp.,TSX
EVT,Economic Investment Trust Limited,TSX
ECOR,Ecora Royalties PLC,TSX
ECO,EcoSynthetix Inc.,TSX
EDCU,Edge Copper Corporation,TSX
ELD,Eldorado Gold Corporation,TSX
ELVA,Electrovaya Inc.,TSX
EFN,Element Fleet Management Corp.,TSX
ELE,Elemental Royalty Corporation,TSX
LLY,Eli Lilly CDR (CAD Hedged),TSX
ELO,Eloro Resources Ltd.,TSX
EMA,Emera Incorporated,TSX
EMP.A,Empire Company Limited,TSX
ENB,Enbridge Inc.,TSX
EDV,Endeavour Mining plc,TSX
EDR,Endeavour Silver Corp.,TSX
EFX,Enerflex Ltd.,TSX
EFR,Energy Fuels Inc.,TSX
ENI.UN,Energy Income Fund,TSX
ENGH,Enghouse Systems Limited,TSX
ESI,Ensign Energy Services Inc.,TSX
EGLX,Enthusiast Gaming Holdings Inc.,TSX
ETG,Entree Resources Ltd.,TSX
EQB,EQB Inc.,TSX
EQX,Equinox Gold Corp.,TSX
ERD,Erdene Resource Development Corporation,TSX
ERO,Ero Copper Corp.,TSX
EPRX,Eupraxia Pharmaceuticals Inc.,TSX
ESM,Euro Sun Mining Inc.,TSX
ET,Evertz Technologies Limited,TSX
E,Evolution PowerX Corp.,TSX
DIVS,Evolve Active Canadian Preferred Share Fund,TSX
EARN,Evolve Active Global Fixed Income Fund,TSX
EASY,Evolve All-in-One UltraYield ETF,TSX
ARTI,Evolve Artificial Intelligence Fund,TSX
CARS,Evolve Automobile Innovation Index Fund,TSX
SIXY,Evolve Big Six Canadian Banks UltraYield Index ETF,TSX
EBIT,Evolve Bitcoin ETF,TSX
AGG,Evolve Canadian Aggregate Bond Enhanced Yield Fund,TSX
BANK,Evolve Canadian Banks and Lifecos Enhanced Yield Index Fund,TSX
OILY,Evolve Canadian Energy Enhanced Yield Index Fund,TSX
CANY,Evolve Canadian Equity UltraYield ETF,TSX
CFIN,Evolve Canadian Financials Yield Fund,TSX
UTES,Evolve Canadian Utilities Enhanced Yield Index Fund,TSX
CUTE,Evolve Canadian Utilities Yield Fund,TSX
DATA,Evolve Cloud Computing Index Fund,TSX
ETC,Evolve Cryptocurrencies ETF,TSX
CYBR,Evolve Cyber Security Index Fund,TSX
HERO,Evolve E-Gaming Index ETF,TSX
BOND,Evolve Enhanced Yield Bond Fund,TSX
MIDB,Evolve Enhanced Yield Mid Term Bond Fund,TSX
ETHR,Evolve Ether ETF,TSX
EBNK,Evolve European Banks Enhanced Yield ETF,TSX
TECH,Evolve FANGMA Index ETF,TSX
LEAD,Evolve Future Leadership Fund,TSX
LIFE,Evolve Global Healthcare Enhanced Yield Fund,TSX
BASE,Evolve Global Materials & Mining Enhanced Yield Index ETF,TSX
EDGE,Evolve Innovation Index Fund,TSX
INTY,Evolve International Equity UltraYield ETF,TSX
LBIT,Evolve Levered Bitcoin ETF,TSX
LETH,Evolve Levered Ether ETF,TSX
QQQY,Evolve NASDAQ Technology Enhanced Yield Index Fund,TSX
QQQT,Evolve NASDAQ Technology Index Fund,TSX
TECY,Evolve NASDAQ Technology UltraYield ETF,TSX
ESPX,Evolve S&P 500® Enhanced Yield Fund,TSX
ETSX,Evolve S&P/TSX 60 Enhanced Yield Fund,TSX
SOLA,Evolve Solana ETF,TSX
CALL,Evolve US Banks Enhanced Yield Fund,TSX
BIGY,Evolve US Equity UltraYield ETF,TSX
XRP,Evolve XRP ETF,TSX
EVO,Evovest Global Equity ETF,TSX
EIF,Exchange Income Corporation,TSX
XTC,Exco Technologies Limited,TSX
EGIF,Exemplar Growth and Income Fund,TSX
EXE,Extendicare Inc.,TSX
XOM,Exxon Mobil CDR (CAD Hedged),TSX
FFH,Fairfax Financial Holdings Limited,TSX
FIH.U,Fairfax India Holdings Corporation,TSX
FDY,Faraday Copper Corp.,TSX
FRX,Fennec Pharmaceuticals Inc.,TSX
FCAB,Fidelity Absolute Income Fund,TSX
FAUS,Fidelity Advanced U.S. Equity Fund,TSX
FBTC,Fidelity Advantage Bitcoin ETF,TSX
FETH,Fidelity Advantage Ether ETF,TSX
FFAB,Fidelity Alternative Bond Fund,TSX
FCAE,Fidelity American Equity Fund,TSX
FCCD,Fidelity Canadian High Dividend ETF,TSX
FCCQ,Fidelity Canadian High Quality ETF,TSX
FCCV,Fidelity Canadian Value ETF,TSX
FCUB,Fidelity Core U.S. Bond ETF,TSX
FEMO,Fidelity Emerging Markets Opportunities Fund,TSX
FMPB,Fidelity Global Balanced Portfolio,TSX
FGCV,Fidelity Global Concentrated Value Fund,TSX
FGEB,Fidelity Global Equity+ Balanced Fund,TSX
FGEP,Fidelity Global Equity+ Fund,TSX
FMPG,Fidelity Global Growth Portfolio,TSX
FMPI,Fidelity Global Income Portfolio,TSX
FLSE,Fidelity Global Opportunities Long/Short Fund,TSX
FGSM,Fidelity Global Small-Mid Cap Equity Fund,TSX
FCID,Fidelity International High Dividend ETF,TSX
FCIQ,Fidelity International High Quality ETF,TSX
FCIV,Fidelity International Value ETF,TSX
FMAB,Fidelity Multi-Alt Balanced Fund,TSX
FMAE,Fidelity Multi-Alt Equity Fund,TSX
FTHI,Fidelity Tactical High Income Fund,TSX
FCRR,Fidelity U.S. Dividend for Rising Rates ETF,TSX
FCUH,Fidelity U.S. High Dividend Currency Neutral ETF,TSX
FCUD,Fidelity U.S. High Dividend ETF,TSX
FCQH,Fidelity U.S. High Quality Currency Neutral ETF,TSX
FCUQ,Fidelity U.S. High Quality ETF,TSX
FCVH,Fidelity U.S. Value Currency Neutral ETF,TSX
FCUV,Fidelity U.S. Value ETF,TSX
FSZ,Fiera Capital Corporation,TSX
FTN,Financial 15 Split Corp.,TSX
FTT,Finning International Inc.,TSX
FTG,Firan Technology Group Corporation,TSX
FFM,FireFly Metals Ltd.,TSX
FC,Firm Capital Mortgage Investment Corporation,TSX
FCD.UN,Firm Capital Property Trust,TSX
FCR.UN,First Capital Real Estate Investment Trust,TSX
AG,First Majestic Silver Corp.,TSX
FF,First Mining Gold Corp.,TSX
FM,First Quantum Minerals Ltd.,TSX
FHH,First Trust AlphaDEX U.S. Health Care Sector Index ETF,TSX
FHG,First Trust AlphaDEX U.S. Industrials Sector Index ETF,TSX
FHQ,First Trust AlphaDEX U.S. Technology Sector Index ETF,TSX
RCTR,First Trust Bloomberg Nuclear Power ETF,TSX
FST,First Trust Canadian Capital Strength ETF,TSX
SKYY,First Trust Cloud Computing ETF,TSX
FDN,First Trust Dow Jones Internet ETF,TSX
ETP,First Trust Global Risk Managed Income Index ETF,TSX
BLCK,First Trust Indxx Innovative Transaction and Process ETF,TSX
NXTG,First Trust Indxx NextG ETF,TSX
FINT,First Trust International Capital Strength ETF,TSX
FTLS,First Trust Long/Short Equity ETF,TSX
FDL,First Trust Morningstar Dividend Leaders ETF (CAD-Hedged),TSX
QCLN,First Trust NASDAQ Clean Edge Green Energy ETF,TSX
CIBR,First Trust Nasdaq Cybersecurity ETF,TSX
SGRD,First Trust Nasdaq® Clean Edge® Smart Grid Infrastructure ETF,TSX
FBT,First Trust NYSE Arca Biotechnology ETF,TSX
FSL,First Trust Senior Loan ETF (CAD-Hedged),TSX
FUD,First Trust Value Line Dividend Index ETF (CAD-Hedged),TSX
AUGB.F,First Trust Vest U.S. Equity Buffer ETF - August,TSX
FEBB.F,First Trust Vest U.S. Equity Buffer ETF - February,TSX
MAYB.F,First Trust Vest U.S. Equity Buffer ETF - May,TSX
NOVB.F,First Trust Vest U.S. Equity Buffer ETF - November,TSX
FSV,FirstService Corporation,TSX
FISV,Fiserv CDR (CAD Hedged),TSX
MHC.U,Flagship Communities Real Estate Investment Trust,TSX
FLNT,FLINT Corp.,TSX
FAR,Foraco International SA,TSX
F,Ford CDR (CAD Hedged),TSX
FGBL,Forstrong Global Balanced ETF,TSX
FGRW,Forstrong Global Growth ETF,TSX
FINC,Forstrong Global Income ETF,TSX
FTS,Fortis Inc.,TSX
FVI,Fortuna Mining Corp.,TSX
FT,Fortune Minerals Limited,TSX
FNV,Franco-Nevada Corporation,TSX
EQY,Franklin All-Equity ETF,TSX
FBGO,Franklin Brandywine Global Income Optimiser Fund,TSX
FCRC,Franklin Canadian Core Equity Fund,TSX
FLCP,Franklin Canadian Core Plus Bond Fund,TSX
FLCI,Franklin Canadian Corporate Bond Fund,TSX
FGOV,Franklin Canadian Government Bond Fund,TSX
FLSD,Franklin Canadian Short Term Bond Fund,TSX
FHIS,Franklin Canadian Ultra Short Term Bond Fund,TSX
FCII,Franklin ClearBridge Global Infrastructure Income Fund,TSX
CNV,Franklin Conservative Income ETF Portfolio,TSX
CBL,Franklin Core ETF Portfolio,TSX
FLGA,Franklin Global Core Bond Fund,TSX
GRO,Franklin Growth ETF Portfolio,TSX
FINO,Franklin Innovation Fund,TSX
FCRI,Franklin International Core Equity Fund,TSX
FCRU,Franklin U.S. Core Equity Fund,TSX
FLUS,Franklin U.S. Large Cap Multifactor Index ETF,TSX
FVL,Freegold Limited,TSX
FRU,Freehold Royalties Ltd.,TSX
FCXS,Freeport-McMoRan CDR (CAD Hedged,TSX
FEC,Frontera Energy Corporation,TSX
FURY,Fury Gold Mines Limited,TSX
FMR,Future Mineral Resources Inc.,TSX
GMIN,G Mining Ventures Corp.,TSX
GAU,Galiano Gold Inc.,TSX
GE,GE Aerospace CDR (CAD Hedged),TSX
GEV,GE Vernova CDR (CAD Hedged),TSX
GENM,Generation Mining Limited,TSX
GDC,Genesis Land Development Corp.,TSX
GEO,Geodrill Limited,TSX
WN,George Weston Limited,TSX
GFL,GFL Environmental Inc.,TSX
GEI,Gibson Energy Inc.,TSX
GIL,Gildan Activewear Inc.,TSX
GILD,Gilead Sciences CDR (CAD Hedged),TSX
GVC,Glacier Media Inc.,TSX
GLO,Global Atomic Corporation,TSX
GDV,Global Dividend Growth Split Corp.,TSX
GEC,Global Education Communities Corp.,TSX
GLRA.PR.A,Global Real Assets Trust,TSX
CBIL,Global X 0-3 Month T-Bill ETF,TSX
UBIL.U,Global X 0-3 Month U.S. T-Bill ETF,TSX
TSTX,Global X 1-3 Year U.S. Treasury Bond Index ETF,TSX
TLTX,Global X 20+ Year U.S. Treasury Bond Index ETF,TSX
HAD,Global X Active Canadian Bond ETF,TSX
HAL,Global X Active Canadian Dividend ETF,TSX
HMP,Global X Active Canadian Municipal Bond ETF,TSX
HAB,Global X Active Corporate Bond ETF,TSX
HAZ,Global X Active Global Dividend ETF,TSX
HAF,Global X Active Global Fixed Income ETF,TSX
HYBR,Global X Active Hybrid Bond and Preferred Share ETF,TSX
HPR,Global X Active Preferred Share ETF,TSX
DIVY,Global X Active U.S. Dividend ETF,TSX
HFR,Global X Active Ultra-Short Term Investment Grade Bond ETF,TSX
EQCC,Global X All-Equity Asset Allocation Covered Call ETF,TSX
HEQT,Global X All-Equity Asset Allocation ETF,TSX
CMCC,Global X All-In-One Commodity Producers Equity Covered Call ETF,TSX
COMX,Global X All-In-One Commodity Producers Equity ETF,TSX
AIQ,Global X Artificial Intelligence & Technology Index ETF,TSX
MTRX,Global X Artificial Intelligence Infrastructure Index ETF,TSX
CHPS,Global X Artificial Intelligence Semiconductor Index ETF,TSX
HBAL,Global X Balanced Asset Allocation ETF,TSX
HBGD,Global X Big Data & Hardware Index ETF,TSX
HXH,Global X Canadian High Dividend Index Corporate Class ETF,TSX
ENCC,Global X Canadian Oil and Gas Equity Covered Call ETF,TSX
HBB,Global X Canadian Select Universe Bond Index Corporate Class ETF,TSX
HSAV,Global X Cash Maximizer Corporate Class ETF,TSX
CHQQ,Global X China Hang Seng TECH Index ETF,TSX
HCON,Global X Conservative Asset Allocation ETF,TSX
CPCC,Global X Copper Producer Equity Covered Call ETF,TSX
COPP,Global X Copper Producers Index ETF,TSX
HUC,Global X Crude Oil ETF,TSX
SHLD,Global X Defence Tech Index ETF,TSX
HXEM,Global X Emerging Markets Equity Index Corporate Class ETF,TSX
EQCL,Global X Enhanced All-Equity Asset Allocation Covered Call ETF,TSX
HEQL,Global X Enhanced All-Equity Asset Allocation ETF,TSX
CMCL,Global X Enhanced All-In-One Commodity Producers Equity Covered Call ETF,TSX
ENCL,Global X Enhanced Canadian Oil and Gas Equity Covered Call ETF,TSX
BNKL,Global X Enhanced Equal Weight Banks Index ETF,TSX
BKCL,Global X Enhanced Equal Weight Canadian Banks Covered Call ETF,TSX
RNCL,Global X Enhanced Equal Weight Canadian Telecommunications Covered Call ETF,TSX
GLCL,Global X Enhanced Gold Producer Equity Covered Call ETF,TSX
QQCL,Global X Enhanced Nasdaq-100 Covered Call ETF,TSX
QQQL,Global X Enhanced Nasdaq-100 Index ETF,TSX
USCL,Global X Enhanced S&P 500 Covered Call ETF,TSX
USSL,Global X Enhanced S&P 500 Index ETF,TSX
CNCL,Global X Enhanced S&P/TSX 60 Covered Call ETF,TSX
CANL,Global X Enhanced S&P/TSX 60 Index ETF,TSX
SVCL,Global X Enhanced Silver Miners Covered Call ETF,TSX
BKCC,Global X Equal Weight Canadian Bank Covered Call ETF,TSX
HEWB,Global X Equal Weight Canadian Banks Index Corporate Class ETF,TSX
HBNK,Global X Equal Weight Canadian Banks Index ETF,TSX
MART,Global X Equal Weight Canadian Groceries & Staples Index ETF,TSX
SAFE,Global X Equal Weight Canadian Insurance Index ETF,TSX
NRGY,Global X Equal Weight Canadian Oil & Gas Index ETF,TSX
PPLN,Global X Equal Weight Canadian Pipelines Index ETF,TSX
HCRE,Global X Equal Weight Canadian REITs Index Corporate Class ETF,TSX
REIT,Global X Equal Weight Canadian REITs Index ETF,TSX
RNCC,Global X Equal Weight Canadian Telecommunications Covered Call ETF,TSX
RING,Global X Equal Weight Canadian Telecommunications Index ETF,TSX
UTIL,Global X Equal Weight Canadian Utilities Index ETF,TSX
MEDX,Global X Equal Weight Global Healthcare Index ETF,TSX
UBNK,Global X Equal Weight U.S. Banks Index ETF,TSX
UMRT,Global X Equal Weight U.S. Groceries & Staples Index ETF,TSX
HXX,Global X Europe 50 Index Corporate Class ETF,TSX
ETHI,Global X Global Sustainability Leaders Index ETF,TSX
HUG,Global X Gold ETF,TSX
GLCC,Global X Gold Producer Equity Covered Call ETF,TSX
GLDX,Global X Gold Producers Index ETF,TSX
HGY,Global X Gold Yield ETF,TSX
GRCC,Global X Growth Asset Allocation Covered Call ETF,TSX
HGRW,Global X Growth Asset Allocation ETF,TSX
CASH,Global X High Interest Savings ETF,TSX
TTTX,Global X Innovative Bluechip Top 10 Index ETF,TSX
INOC,Global X Inovestor Canadian Equity Index ETF,TSX
HXDM,Global X Intl Developed Markets Equity Index Corporate Class ETF,TSX
HLPR,Global X Laddered Canadian Preferred Share Index Corporate Class ETF,TSX
HLIT,Global X Lithium Producers Index ETF,TSX
PAYL,Global X Long-Term Government Bond Premium Yield ETF,TSX
LPAY,Global X Long-Term U.S. Treasury Premium Yield ETF,TSX
HMMJ,Global X Marijuana Life Sciences Index ETF,TSX
PAYM,Global X Mid-Term Government Bond Premium Yield ETF,TSX
MPAY,Global X Mid-Term U.S. Treasury Premium Yield ETF,TSX
QQCC,Global X Nasdaq-100 Covered Call ETF,TSX
HXQ,Global X Nasdaq-100 Index Corporate Class ETF,TSX
QQQX,Global X Nasdaq-100 Index ETF,TSX
HUN,Global X Natural Gas ETF,TSX
NYSX,Global X NYSE 100 Index ETF,TSX
RBOT,Global X Robotics & AI Index ETF,TSX
HSH,Global X S&P 500 CAD Hedged Index Corporate Class ETF,TSX
USCC,Global X S&P 500 Covered Call ETF,TSX
HXS,Global X S&P 500 Index Corporate Class ETF,TSX
USSX,Global X S&P 500 Index ETF,TSX
CNCC,Global X S&P/TSX  60 Covered Call ETF,TSX
HXT,Global X S&P/TSX 60 Index Corporate Class ETF,TSX
CNDX,Global X S&P/TSX 60 Index ETF,TSX
HXCN,Global X S&P/TSX Capped Composite Index Corporate Class ETF,TSX
HXE,Global X S&P/TSX Capped Energy Index Corporate Class ETF,TSX
HXF,Global X S&P/TSX Capped Financials Index Corporate Class ETF,TSX
HAC,Global X Seasonal Rotation ETF,TSX
PAYS,Global X Short-Term Government Bond Premium Yield ETF,TSX
SPAY,Global X Short-Term U.S. Treasury Premium Yield ETF,TSX
AGCC,Global X Silver Covered Call ETF,TSX
HUZ,Global X Silver ETF,TSX
SVCC,Global X Silver Miners Covered Call ETF,TSX
SLVX,Global X Silver Miners Index ETF,TSX
ORBX,Global X Space Tech Index ETF,TSX
TOKN,Global X Tokenization Ecosystem Index ETF,TSX
PAVE,Global X U.S. Infrastructure Development Index ETF,TSX
URCC,Global X Uranium Covered Call ETF,TSX
HURA,Global X Uranium Index ETF,TSX
HTB,Global X US 7-10 Year Treasury Bond Index Corporate Class ETF,TSX
DLR,Global X US Dollar Currency ETF,TSX
HULC,Global X US Large Cap Index Corporate Class ETF,TSX
HSUV.U,Global X USD Cash Maximizer Corporate Class ETF,TSX
UCSH.U,Global X USD High Interest Savings ETF,TSX
GMX,Globex Mining Enterprises Inc.,TSX
GO.U,GO Residential Real Estate Investment Trust,TSX
GSY,goeasy Ltd.,TSX
GGD,GoGold Resources Inc.,TSX
GRC,Gold Springs Resource Corp.,TSX
AUMN,Golden Minerals Company,TSX
GS,Goldman Sachs CDR (CAD Hedged),TSX
GOLD,GoldMining Inc.,TSX
XAU,GoldMoney Inc.,TSX
GDL,Goodfellow Inc.,TSX
GTE,Gran Tierra Energy Inc.,TSX
GRT.UN,Granite Real Estate Investment Trust,TSX
GWO,Great-West Lifeco Inc.,TSX
GFR,Greenfire Resources Ltd.,TSX
GFP,GreenFirst Forest Products Inc.,TSX
MOLY,Greenland Resources Inc.,TSX
GRN,Greenlane Renewables Inc.,TSX
GRGD,Groupe Dynamite Inc.,TSX
GCBD,Guardian Canadian Bond Fund,TSX
GCSC,Guardian Canadian Diversified Core Equity Fund,TSX
GCEI,Guardian Canadian Equity Income Fund,TSX
GCFE,Guardian Canadian Focused Equity Fund,TSX
GGEP,Guardian Directed Equity Path Portfolio,TSX
GGPY,Guardian Directed Premium Yield Portfolio,TSX
GFGE,Guardian Fundamental Global Equity Fund,TSX
GIAI,Guardian i3 AI Technology and Innovation Fund,TSX
GICD,Guardian i3 Canadian Dividend Growth Fund,TSX
GIGF,Guardian i3 Global Core Equity Fund,TSX
GIGD,Guardian i3 Global Dividend Growth Fund,TSX
GIDY,Guardian i3 Global Dividend Premium Yield Fund,TSX
GIUS,Guardian i3 U.S. Core Equity Fund,TSX
GIES,Guardian International Equity Select Fund,TSX
GIGC,Guardian Investment Grade Corporate Bond Fund,TSX
GSDB,Guardian Short Duration Bond Fund,TSX
GCTB,Guardian Ultra-Short Canadian T-Bill Fund,TSX
GUTB.U,Guardian Ultra-Short U.S. T-Bill Fund,TSX
GCU,Gunnison Copper Corp,TSX
GURU,GURU Organic Energy Corp.,TSX
HR.UN,H&R Real Estate Investment Trust,TSX
HAI,Haivision Systems Inc.,TSX
HBA,Hamilton Australian Bank Equal-Weight Index ETF,TSX
HCA,Hamilton Canadian Bank Mean Reversion Index ETF,TSX
CMAX,Hamilton Canadian Equity YIELD MAXIMIZER TM ETF,TSX
HMAX,Hamilton Canadian Financials YIELD MAXIMIZER TM ETF,TSX
HEB,HAMILTON CHAMPIONS TM Canadian Bank Equal-Weight Index ETF,TSX
CMVP,HAMILTON CHAMPIONS TM Canadian Dividend Index ETF,TSX
HFN,HAMILTON CHAMPIONS TM Canadian Financials Index ETF,TSX
CWIN,HAMILTON CHAMPIONS TM Enhanced Canadian Dividend ETF,TSX
SWIN,HAMILTON CHAMPIONS TM Enhanced U.S. Dividend ETF,TSX
SMVP,HAMILTON CHAMPIONS TM U.S. Dividend Index ETF,TSX
QMVP,HAMILTON CHAMPIONS TM U.S. Technology Index ETF,TSX
UMVP,HAMILTON CHAMPIONS TM Utilities Index ETF,TSX
EMAX,Hamilton Energy YIELD MAXIMIZER TM ETF,TSX
HCAL,Hamilton Enhanced Canadian Bank ETF,TSX
HDIV,Hamilton Enhanced Canadian Covered Call ETF,TSX
HFIN,Hamilton Enhanced Canadian Financials ETF,TSX
MIX,Hamilton Enhanced Mixed Asset Allocation ETF,TSX
HYLD,Hamilton Enhanced U.S. Covered Call ETF,TSX
HUTS,Hamilton Enhanced Utilities ETF,TSX
HFG,Hamilton Global Financials ETF,TSX
AMAX,Hamilton Gold Producer YIELD MAXIMIZER TM ETF,TSX
LMAX,Hamilton Healthcare YIELD MAXIMIZER TM ETF,TSX
IMAX,Hamilton International Equity YIELD MAXIMIZER TM ETF,TSX
RMAX,Hamilton REITs YIELD MAXIMIZER TM ETF,TSX
QMAX,Hamilton Technology YIELD MAXIMIZER TM ETF,TSX
HBND,Hamilton U.S. Bond YIELD MAXIMIZER TM ETF,TSX
SMAX,Hamilton U.S. Equity YIELD MAXIMIZER TM ETF,TSX
FMAX,Hamilton U.S. Financials YIELD MAXIMIZER TM ETF,TSX
HUM,Hamilton U.S. Mid-Cap Financials ETF,TSX
HBIL,Hamilton U.S. T-Bill YIELD MAXIMIZER TM ETF,TSX
UMAX,Hamilton Utilities YIELD MAXIMIZER TM ETF,TSX
HMM.A,Hammond Manufacturing Company Limited,TSX
HPS.A,Hammond Power Solutions Inc.,TSX
AEME,Harvest Agnico Eagle Enhanced High Income Shares ETF,TSX
GOGY,Harvest Alphabet Enhanced High Income Shares ETF,TSX
AMHE,Harvest Amazon Enhanced High Income Shares ETF,TSX
AMZH,Harvest Amazon High Income Shares ETF,TSX
AMDY,Harvest AMD Enhanced High Income Shares ETF,TSX
APLE,Harvest Apple Enhanced High Income Shares ETF,TSX
HBIE,Harvest Balanced Income & Growth Enhanced ETF,TSX
HBIG,Harvest Balanced Income & Growth ETF,TSX
BCEE,Harvest BCE Enhanced High Income Shares ETF,TSX
BLKY,Harvest Block Enhanced High Income Shares ETF,TSX
AVGY,Harvest Broadcom Enhanced High Income Shares ETF,TSX
CCOE,Harvest Cameco Enhanced High Income Shares ETF,TSX
HLIF,Harvest Canadian Dividend Leaders Income ETF,TSX
HHIC,Harvest Canadian High Income Shares ETF,TSX
TBIL,Harvest Canadian T-Bill ETF,TSX
CRCY,Harvest Circle Enhanced High Income Shares ETF,TSX
HCLN,Harvest Clean Energy ETF,TSX
CNQE,Harvest CNQ Enhanced High Income Shares ETF,TSX
CNYE,Harvest Coinbase Enhanced High Income Shares ETF,TSX
CONY,Harvest Coinbase High Income Shares ETF,TSX
COSY,Harvest Costco Enhanced High Income Shares ETF,TSX
CRWY,Harvest CrowdStrike Enhanced High Income Shares ETF,TSX
HRIF,Harvest Diversified Equity Income ETF,TSX
HHIS,Harvest Diversified High Income Shares ETF,TSX
HDIF,Harvest Diversified Monthly Income ETF,TSX
LLHE,Harvest Eli Lilly Enhanced High Income Shares ETF,TSX
LLYH,Harvest Eli Lilly High Income Shares ETF,TSX
ENBE,Harvest Enbridge Enhanced High Income Shares ETF,TSX
HPF,Harvest Energy Leaders Income ETF,TSX
RYHE,Harvest Enhanced High Income RY-Linked Shares ETF,TSX
TDHE,Harvest Enhanced High Income TD-Linked Shares ETF,TSX
HGGG,Harvest Global Gold Giants Index ETF,TSX
HHLE,Harvest Healthcare Leaders Enhanced Income ETF,TSX
HHL,Harvest Healthcare Leaders Income ETF,TSX
HHIH,Harvest High Income Equity Shares ETF,TSX
HIND,Harvest Industrial Leaders Income ETF,TSX
HHII,Harvest International High Income Shares ETF,TSX
JNJY,Harvest JnJ Enhanced High Income Shares ETF,TSX
JPHE,Harvest JPHE Enhanced High Income Shares ETF,TSX
HVOL,Harvest Low Volatility Canadian Equity ETF,TSX
HVOI,Harvest Low Volatility Canadian Equity Income ETF,TSX
METE,Harvest Meta Enhanced High Income Shares ETF,TSX
MSHE,Harvest Microsoft Enhanced High Income Shares ETF,TSX
MSFH,Harvest Microsoft High Income Shares ETF,TSX
NFLY,Harvest Netflix Enhanced High Income Shares ETF,TSX
NOVY,Harvest Novo Enhanced High Income Shares ETF,TSX
NVHE,Harvest NVIDIA Enhanced High Income Shares ETF,TSX
NVDH,Harvest NVIDIA High Income Shares ETF,TSX
ORCY,Harvest Oracle Enhanced High Income Shares ETF,TSX
PLTE,Harvest Palantir Enhanced High Income Shares ETF,TSX
HPYM,Harvest Premium Yield 7-10 Year Treasury ETF,TSX
HPYB,Harvest Premium Yield Canadian Bank ETF,TSX
HPYE,Harvest Premium Yield Enhanced ETF,TSX
HPYG,Harvest Premium Yield Gold ETF,TSX
HPYT,Harvest Premium Yield Treasury ETF,TSX
RDDY,Harvest Reddit Enhanced High Income Shares ETF,TSX
HGR,Harvest REIT Leaders Income ETF,TSX
HODY,Harvest Robinhood Enhanced High Income Shares ETF,TSX
SHPE,Harvest Shopify Enhanced High Income Shares ETF,TSX
SOFY,Harvest SoFi Enhanced High Income Shares ETF,TSX
SPXE,Harvest SpaceX Enhanced High Income Shares ETF,TSX
MSTE,Harvest Strategy Inc. Enhanced High Income Shares ETF,TSX
MSTY,Harvest Strategy Inc. High Income Shares ETF,TSX
SUHE,Harvest Suncor Enhanced High Income Shares ETF,TSX
HTAE,Harvest Tech Leaders Enhanced Income ETF,TSX
HTA,Harvest Tech Leaders Income ETF,TSX
TEHE,Harvest TELUS Enhanced High Income Shares ETF,TSX
TSLY,Harvest Tesla Enhanced High Income Shares ETF,TSX
TRVI,Harvest Travel & Leisure Income ETF,TSX
TRVL,Harvest Travel & Leisure Index ETF,TSX
HUBL,Harvest US Bank Leaders Income ETF,TSX
HBF,Harvest US Equity Leaders Income ETF,TSX
HUTE,Harvest Utilities Leaders Enhanced Income ETF,TSX
HUTL,Harvest Utilities Leaders Income ETF,TSX
HWX,Headwater Exploration Inc.,TSX
MDS.UN,Healthcare Special Opportunities Fund,TSX
AIDX,HealWELL AI Inc.,TSX
HFPC.U,Helios Fairfax Partners Corporation,TSX
HBP,Helix BioPharma Corp.,TSX
HMMC,Hemlo Mining Corp.,TSX
HRMS,Hermès CDR (CAD Hedged),TSX
HWO,High Arctic Energy Services Inc.,TSX
HLF,High Liner Foods Incorporated,TSX
HSLV,Highlander Silver Corp.,TSX
HIVE,HIVE Digital Technologies Ltd.,TSX
HLS,HLS Therapeutics Inc.,TSX
HD,Home Depot CDR (CAD Hedged),TSX
HONA,Honeywell Aerospace CDR (CAD Hedged),TSX
HON,Honeywell Technologies CDR (CAD Hedged),TSX
HBM,Hudbay Minerals Inc.,TSX
HBOP,Humilis Fundamental Opportunities ETF,TSX
HBDV,Humilis North American Dividend Growth ETF,TSX
HBTA,Humilis North American Tactical Equity Fund,TSX
HUT,Hut 8 Corp.,TSX
H,Hydro One Limited,TSX
IAU,i-80 Gold Corp.,TSX
ICPB,IA Clarington Agile Core Plus Bond Fund,TSX
GTRI,IA Clarington Agile Global Total Return Income Fund,TSX
IMFE,IA Clarington Global Multifactor Equity Fund,TSX
IIME,IA Clarington International Multifactor Equity Fund,TSX
IFRF,IA Clarington Loomis Floating Rate Income Fund,TSX
IGAF,IA Clarington Loomis Global Allocation Fund,TSX
IGEO,IA Clarington Loomis Global Equity Opportunities Fund,TSX
ILGB,IA Clarington Loomis Global Multisector Bond Fund,TSX
ISCB,IA Clarington Strategic Corporate Bond Fund,TSX
ISIF,IA Clarington Strategic Income Fund,TSX
ITIN,IA Clarington Thematic Innovation Class,TSX
IAG,iA Financial Corporation Inc.,TSX
IWEB,IA Wealth Enhanced Bond Pool,TSX
IMG,IAMGOLD Corporation,TSX
IBM,IBM CDR (CAD Hedged),TSX
IFA,iFabric Corp.,TSX
IGM,IGM Financial Inc.,TSX
ILLM,illumin Holdings Inc.,TSX
III,Imperial Metals Corporation,TSX
IMO,Imperial Oil Limited,TSX
INC.UN,Income Financial Trust,TSX
IS,Infrastructure Dividend Split Corp.,TSX
INGS,ING CDR (CAD Hedged),TSX
INO.UN,Inovalis Real Estate Investment Trust,TSX
IPO,InPlay Oil Corp.,TSX
IFC,Intact Financial Corporation,TSX
INTC,Intel CDR (CAD Hedged),TSX
IFP,Interfor Corporation,TSX
IMP,Intermap Technologies Corporation,TSX
IPCO,International Petroleum Corporation,TSX
ITH,International Tower Hill Mines Ltd.,TSX
INTU,Intuit CDR (CAD Hedged),TSX
ISRG,Intuitive Surgical CDR (CAD Hedged),TSX
ICCB,Invesco Canadian Core Plus Bond ETF,TSX
BESG,Invesco ESG Canadian Core Plus Bond ETF,TSX
ICGB,Invesco Global Bond ETF,TSX
QQCI,Invesco NASDAQ 100 Income Advantage ETF,TSX
EQLI,Invesco S&P 500 Equal Weight Income Advantage ETF,TSX
IVQ,Invesque Inc.,TSX
XSTP,iShares 0-5 Year TIPS Bond Index ETF,TSX
XSTH,iShares 0-5 Year TIPS Bond Index ETF (CAD-Hedged),TSX
CBH,iShares 1-10 Year Laddered Corporate Bond Index ETF,TSX
CLG,iShares 1-10 Year Laddered Government Bond Index ETF,TSX
CBO,iShares 1-5 Year Laddered Corporate Bond Index ETF,TSX
CLF,iShares 1-5 Year Laddered Government Bond Index ETF,TSX
XSHU,iShares 1-5 Year U.S. IG Corporate Bond Index ETF,TSX
XIGS,iShares 1-5 Year U.S. IG Corporate Bond Index ETF (CAD-Hedged),TSX
XTLT,iShares 20+ Year U.S. Treasury Bond Index ETF,TSX
XTLH,iShares 20+ Year U.S. Treasury Bond Index ETF (CAD-Hedged),TSX
FIE,iShares Canadian Financial Monthly Income ETF,TSX
XCG,iShares Canadian Growth Index ETF,TSX
XHB,iShares Canadian HYBrid Corporate Bond Index ETF,TSX
XRB,iShares Canadian Real Return Bond Index ETF,TSX
XDV,iShares Canadian Select Dividend Index ETF,TSX
XCV,iShares Canadian Value Index ETF,TSX
XCH,iShares China Index ETF,TSX
XSC,iShares Conservative Short Term Strategic Fixed Income ETF,TSX
XSE,iShares Conservative Strategic Fixed Income ETF,TSX
CVD,iShares Convertible Bond Index ETF,TSX
XBAL,iShares Core Balanced ETF Portfolio,TSX
XSMB,iShares Core Canadian 1-10 Year Bond Index ETF,TSX
XFLB,iShares Core Canadian 15+ Year Federal Bond Index ETF,TSX
XCB,iShares Core Canadian Corporate Bond Index ETF,TSX
XGB,iShares Core Canadian Government Bond Index ETF,TSX
XLB,iShares Core Canadian Long Term Bond Index ETF,TSX
XSB,iShares Core Canadian Short Term Bond Index ETF,TSX
XSH,iShares Core Canadian Short Term Corporate Bond Index ETF,TSX
XBB,iShares Core Canadian Universe Bond Index ETF,TSX
XCNS,iShares Core Conservative Balanced ETF Portfolio,TSX
XEQT,iShares Core Equity ETF Portfolio,TSX
XGRO,iShares Core Growth ETF Portfolio,TSX
XINC,iShares Core Income Balanced ETF Portfolio,TSX
XAW,iShares Core MSCI All Country World ex Canada Index ETF,TSX
XINT,iShares Core MSCI All-International Equity Index ETF,TSX
XDIV,iShares Core MSCI Canadian Quality Dividend Index ETF,TSX
XEF,iShares Core MSCI EAFE IMI Index ETF,TSX
XFH,iShares Core MSCI EAFE IMI Index ETF (CAD-Hedged),TSX
XEC,iShares Core MSCI Emerging Markets IMI Index ETF,TSX
XDG,iShares Core MSCI Global Quality Dividend Index ETF,TSX
XDGH,iShares Core MSCI Global Quality Dividend Index ETF (CAD-Hedged),TSX
XDU,iShares Core MSCI US Quality Dividend Index ETF,TSX
XDUH,iShares Core MSCI US Quality Dividend Index ETF (CAD-Hedged),TSX
XUS,iShares Core S&P 500 Index ETF,TSX
XSP,iShares Core S&P 500 Index ETF (CAD-Hedged),TSX
XTOT,iShares Core S&P Total U.S. Stock Market Index ETF,TSX
XTOH,iShares Core S&P Total U.S. Stock Market Index ETF (CAD-Hedged),TSX
XUU,iShares Core S&P U.S. Total Market Index ETF,TSX
XUH,iShares Core S&P U.S. Total Market Index ETF (CAD-Hedged),TSX
XIC,iShares Core S&P/TSX Capped Composite Index ETF,TSX
XHAK,iShares Cybersecurity and Tech Index ETF,TSX
XTR,iShares Diversified Monthly Income ETF,TSX
CEW,iShares Equal Weight Banc & Lifeco ETF,TSX
IBQT,iShares Equity + Bitcoin ETF Portfolio,TSX
XSHG,iShares ESG Advanced 1-5 Year Canadian Corporate Bond Index ETF,TSX
XCBG,iShares ESG Advanced Canadian Corporate Bond Index ETF,TSX
XCSR,iShares ESG Advanced MSCI Canada Index ETF,TSX
XDSR,iShares ESG Advanced MSCI EAFE Index ETF,TSX
XUSR,iShares ESG Advanced MSCI USA Index ETF,TSX
XSAB,iShares ESG Aware Canadian Aggregate Bond Index ETF,TSX
XSTB,iShares ESG Aware Canadian Short Term Bond Index ETF,TSX
XESG,iShares ESG Aware MSCI Canada Index ETF,TSX
XSEA,iShares ESG Aware MSCI EAFE Index ETF,TSX
XSEM,iShares ESG Aware MSCI Emerging Markets Index ETF,TSX
XSUS,iShares ESG Aware MSCI USA Index ETF,TSX
GBAL,iShares ESG Balanced ETF Portfolio,TSX
GCNS,iShares ESG Conservative Balanced ETF Portfolio,TSX
GEQT,iShares ESG Equity ETF Portfolio,TSX
GGRO,iShares ESG Growth ETF Portfolio,TSX
XEXP,iShares Exponential Technologies Index ETF,TSX
XFLI,iShares Flexible Monthly Income ETF,TSX
XFLX,iShares Flexible Monthly Income ETF (CAD-Hedged),TSX
XFR,iShares Floating Rate Index ETF,TSX
XDNA,iShares Genomics Immunology and Healthcare Index ETF,TSX
COW,iShares Global Agriculture Index ETF,TSX
XCLN,iShares Global Clean Energy Index ETF,TSX
XDRV,iShares Global Electric and Autonomous Vehicles Index ETF,TSX
XHC,iShares Global Healthcare Index ETF (CAD-Hedged),TSX
CIF,iShares Global Infrastructure Index ETF,TSX
CYH,iShares Global Monthly Dividend Index ETF (CAD-Hedged),TSX
CGR,iShares Global Real Estate Index ETF,TSX
CWW,iShares Global Water Index ETF,TSX
CGL,iShares Gold Bullion ETF,TSX
XQB,iShares High Quality Canadian Bond Index ETF,TSX
XID,iShares India Index ETF,TSX
XEB,iShares J.P. Morgan USD Emerging Markets Bond Index ETF (CAD-Hedged),TSX
XEN,iShares Jantzi Social Index ETF,TSX
XIN,iShares MSCI EAFE Index ETF (CAD-Hedged),TSX
XEMC,iShares MSCI Emerging Markets ex China Index ETF,TSX
XEM,iShares MSCI Emerging Markets Index ETF,TSX
XEU,iShares MSCI Europe IMI Index ETF,TSX
XEH,iShares MSCI Europe IMI Index ETF (CAD-Hedged),TSX
XMV,iShares MSCI Min Vol Canada Index ETF,TSX
XMI,iShares MSCI Min Vol EAFE Index ETF,TSX
XML,iShares MSCI Min Vol EAFE Index ETF (CAD-Hedged),TSX
XMM,iShares MSCI Min Vol Emerging Markets Index ETF,TSX
XMW,iShares MSCI Min Vol Global Index ETF,TSX
XMY,iShares MSCI Min Vol Global Index ETF (CAD-Hedged),TSX
XMU,iShares MSCI Min Vol USA Index ETF,TSX
XMS,iShares MSCI Min Vol USA Index ETF (CAD-Hedged),TSX
XMTM,iShares MSCI USA Momentum Factor Index ETF,TSX
XQLT,iShares MSCI USA Quality Factor Index ETF,TSX
XVLU,iShares MSCI USA Value Factor Index ETF,TSX
XWD,iShares MSCI World Index ETF,TSX
XQQU,iShares NASDAQ 100 Index ETF,TSX
XQQ,iShares NASDAQ 100 Index ETF (CAD-Hedged),TSX
CMR,iShares Premium Money Market ETF,TSX
XUSC,iShares S&P 500 3% Capped Index ETF,TSX
XSPC,iShares S&P 500 3% Capped Index ETF (CAD-Hedged),TSX
XCD,iShares S&P Global Consumer Discretionary Index ETF (CAD-Hedged),TSX
XGI,iShares S&P Global Industrials Index ETF(CAD-Hedged),TSX
XUSF,iShares S&P U.S. Financials Index ETF,TSX
XMC,iShares S&P U.S. Mid-Cap Index ETF,TSX
XMH,iShares S&P U.S. Mid-Cap Index ETF (CAD-Hedged),TSX
XSMC,iShares S&P U.S. Small-Cap Index ETF,TSX
XSMH,iShares S&P U.S. Small-Cap Index ETF (CAD-Hedged),TSX
XIU,iShares S&P/TSX 60 Index ETF,TSX
CDZ,iShares S&P/TSX Canadian Dividend Aristocrats Index ETF,TSX
CPD,iShares S&P/TSX Canadian Preferred Share Index ETF,TSX
XST,iShares S&P/TSX Capped Consumer Staples Index ETF,TSX
XEG,iShares S&P/TSX Capped Energy Index ETF,TSX
XFN,iShares S&P/TSX Capped Financials Index ETF,TSX
XIT,iShares S&P/TSX Capped Information Technology Index ETF,TSX
XMA,iShares S&P/TSX Capped Materials Index ETF,TSX
XRE,iShares S&P/TSX Capped REIT Index ETF,TSX
XUT,iShares S&P/TSX Capped Utilities Index ETF,TSX
XMD,iShares S&P/TSX Completion Index ETF,TSX
XEI,iShares S&P/TSX Composite High Dividend Index ETF,TSX
XETM,iShares S&P/TSX Energy Transition Materials Index ETF,TSX
XBM,iShares S&P/TSX Global Base Metals Index ETF,TSX
XGD,iShares S&P/TSX Global Gold Index ETF,TSX
XPF,iShares S&P/TSX North American Preferred Stock Index ETF (CAD-Hedged),TSX
XCS,iShares S&P/TSX SmallCap Index ETF,TSX
XCHP,iShares Semiconductor Index ETF,TSX
XSI,iShares Short Term Strategic Fixed Income ETF,TSX
SVR,iShares Silver Bullion ETF,TSX
XAD,iShares U.S. Aerospace & Defense Index ETF,TSX
XAGG,iShares U.S. Aggregate Bond Index ETF,TSX
XAGH,iShares U.S. Aggregate Bond Index ETF (CAD-Hedged),TSX
XHU,iShares U.S. High Dividend Equity Index ETF,TSX
XHD,iShares U.S. High Dividend Equity Index ETF (CAD-Hedged),TSX
XHY,iShares U.S. High Yield Bond Index ETF (CAD-Hedged),TSX
XCBU,iShares U.S. IG Corporate Bond Index ETF,TSX
XIG,iShares U.S. IG Corporate Bond Index ETF (CAD-Hedged),TSX
XSU,iShares U.S. Small Cap Index ETF (CAD-Hedged),TSX
CUD,iShares US Dividend Growers Index ETF (CAD-Hedged),TSX
ISO,IsoEnergy Ltd.,TSX
IE,Ivanhoe Electric Inc.,TSX
IVN,Ivanhoe Mines Ltd.,TSX
JAG,Jaguar Mining Inc.,TSX
JWEL,Jamieson Wellness Inc.,TSX
JFS.UN,JFT Strategies Fund,TSX
JNJ,Johnson & Johnson CDR (CAD Hedged),TSX
JOY,Journey Energy Inc.,TSX
JPM,JPMorgan CDR (CAD Hedged),TSX
JGLO,JPMorgan Global Select Equity Active ETF,TSX
JPIE,JPMorgan Income Active ETF,TSX
JIDE,JPMorgan International Developed Equity Active ETF,TSX
JEPQ,JPMorgan Nasdaq Equity Premium Income Active ETF,TSX
JPQH,JPMorgan Nasdaq Equity Premium Income Active ETF - CAD Hedged,TSX
JBND,JPMorgan US Bond Active ETF,TSX
JCOR,JPMorgan US Core Active ETF,TSX
JEPI,JPMorgan US Equity Premium Income Active ETF,TSX
JEPH,JPMorgan US Equity Premium Income Active ETF - CAD Hedged,TSX
JGRO,JPMorgan US Growth Active ETF,TSX
JPST,JPMorgan US Ultra-Short Income Active ETF,TSX
JAVA,JPMorgan US Value Active ETF,TSX
KBL,K-Bro Linen Inc.,TSX
KNT,K92 Mining Inc.,TSX
KRN,Karnalyte Resources Inc.,TSX
KEEL,Keel Infrastructure Corp.,TSX
KLS,Kelso Technologies Inc.,TSX
KEL,Kelt Exploration Ltd.,TSX
KEY,Keyera Corp.,TSX
KMP.UN,Killam Apartment Real Estate Investment Trust,TSX
KXS,Kinaxis Inc.,TSX
K,Kinross Gold Corporation,TSX
KITS,Kits Eyecare Ltd.,TSX
KKR,KKR CDR (CAD Hedged),TSX
KLAC,KLA CDR (CAD Hedged),TSX
GUD,Knight Therapeutics Inc.,TSX
KEI,Kolibri Global Energy Inc.,TSX
KPT,KP Tissue Inc.,TSX
LIF,Labrador Iron Ore Royalty Corporation,TSX
LRCX,Lam Research CDR (CAD Hedged),TSX
LAM,Laramide Resources Ltd.,TSX
LGO,Largo Inc.,TSX
LAS.A,Lassonde Industries Inc.,TSX
LB,Laurentian Bank of Canada,TSX
LNF,Leon's Furniture Limited,TSX
LGD,Liberty Gold Corp.,TSX
LBS,Life & Banc Split Corp.,TSX
LSPD,Lightspeed Commerce Inc.,TSX
LNR,Linamar Corporation,TSX
LAC,Lithium Americas Corp.,TSX
LAR,Lithium Argentina AG,TSX
L,Loblaw Companies Limited,TSX
LMT,Lockheed Martin CDR (CAD Hedged),TSX
LUC,Lucara Diamond Corp.,TSX
LULU,lululemon CDR (CAD Hedged),TSX
LMCU,Lumina Metals Corp.,TSX
LUG,Lundin Gold Inc.,TSX
LUN,Lundin Mining Corporation,TSX
LUNR,LunR Royalties Corp.,TSX
LVMH,LVMH CDR (CAD Hedged),TSX
LYCT,Lysander-Canso Corporate Treasury ActivETF,TSX
PBY,Lysander-Canso Credit Income ActivETF,TSX
LYFR,Lysander-Canso Floating Rate ActivETF,TSX
LYUV.U,Lysander-Canso U.S. Corporate Value Bond Fund,TSX
PR,Lysander-Slater Preferred Share ActivETF,TSX
LORL,L’Oréal CDR (CAD Hedged),TSX
XMF.A,M Split Corp.,TSX
MAAA,Mackenzie AAA CLO ETF,TSX
MEQT,Mackenzie All-Equity Allocation ETF,TSX
MBAL,Mackenzie Balanced Allocation ETF,TSX
MNXT,Mackenzie Bluewater Next Gen Growth ETF,TSX
QBB,Mackenzie Canadian Aggregate Bond Index ETF,TSX
QCN,Mackenzie Canadian Equity Index ETF,TSX
QLB,Mackenzie Canadian Government Long Bond Index ETF,TSX
MHDC,Mackenzie Canadian High Dividend Yield ETF,TSX
QCE,Mackenzie Canadian Large Cap Equity Index ETF,TSX
MCSB,Mackenzie Canadian Short Term Fixed Income ETF,TSX
QSB,Mackenzie Canadian Short-Term Bond Index ETF,TSX
MKB,Mackenzie Canadian Strategic Fixed Income ETF,TSX
QASH,Mackenzie Canadian Ultra Short Bond Index ETF,TSX
MCON,Mackenzie Conservative Allocation ETF,TSX
MGB,Mackenzie Core Plus Global Fixed Income ETF,TSX
MORE,Mackenzie Core Resources ETF,TSX
MCYC,Mackenzie Cyclical Tilt ETF,TSX
MDEF,Mackenzie Defensive Tilt ETF,TSX
QDXB,Mackenzie Developed ex-North America Aggregate Bond Index ETF (CAD-Hedged),TSX
QRET,Mackenzie Developed Markets Real Estate Index ETF,TSX
QEBH,Mackenzie Emerging Markets Bond Index ETF (CAD-Hedged),TSX
QEE,Mackenzie Emerging Markets Equity Index ETF,TSX
QEBL,Mackenzie Emerging Markets Local Currency Bond Index ETF,TSX
MFT,Mackenzie Floating Rate Income ETF,TSX
MGDV,Mackenzie Global Dividend ETF,TSX
MGAB,Mackenzie Global Fixed Income Allocation ETF,TSX
QINF,Mackenzie Global Infrastructure Index ETF,TSX
MAGV,Mackenzie Global Value ETF,TSX
MCLV,Mackenzie GQE Canada Low Volatility ETF,TSX
MBQG,Mackenzie GQE Global Balanced ETF,TSX
MGQE,Mackenzie GQE Global Equity ETF,TSX
MIQE,Mackenzie GQE International Equity ETF,TSX
MALX,Mackenzie GQE US Alpha Extension ETF,TSX
MULV,Mackenzie GQE US Low Volatility ETF,TSX
MWLV,Mackenzie GQE World Low Volatility ETF,TSX
MGRW,Mackenzie Growth Allocation ETF,TSX
QDX,Mackenzie International Equity Index ETF,TSX
QDXH,Mackenzie International Equity Index ETF (CAD-Hedged),TSX
MIVG,Mackenzie Ivy Global Equity ETF,TSX
MKZ.UN,Mackenzie Master Limited Partnership,TSX
QQQQ,Mackenzie NASDAQ 100 Index ETF,TSX
MTBA,Mackenzie Target 2027 North American IG Corporate Bond ETF,TSX
MTBB,Mackenzie Target 2029 North American IG Corporate Bond ETF,TSX
QUB,Mackenzie U.S. Aggregate Bond Index ETF (CAD-Hedged),TSX
MUB,Mackenzie Unconstrained Bond ETF,TSX
MAUG,Mackenzie US All Cap Growth ETF,TSX
QTLT,Mackenzie US Government Long Bond Index ETF,TSX
MHDU,Mackenzie US High Dividend Yield ETF,TSX
QHY,Mackenzie US High Yield Bond Index ETF (CAD-Hedged),TSX
QUIG,Mackenzie US Investment Grade Corporate Bond Index ETF (CAD-Hedged),TSX
QUU,Mackenzie US Large Cap Equity Index ETF,TSX
QAH,Mackenzie US Large Cap Equity Index ETF (CAD-Hedged),TSX
MAUV,Mackenzie US Value ETF,TSX
MPC,Madison Pacific Properties Inc.,TSX
MLRG,Madison US Large Cap ETF,TSX
MMID,Madison US Mid Cap ETF,TSX
MAL,Magellan Aerospace Corporation,TSX
MG,Magna International Inc.,TSX
NICU,Magna Mining Inc.,TSX
MEQ,Mainstreet Equity Corp.,TSX
MDI,Major Drilling Group International Inc.,TSX
MAK.U,MAK Acquisition Corp.,TSX
MBAP,Manulife Balanced ETF Portfolio,TSX
MCAN,Manulife Canadian Equity Class,TSX
MCAP,Manulife Conservative ETF Portfolio,TSX
MCOR,Manulife Core Plus Bond Fund,TSX
MMAC,Manulife CQS Multi Asset Credit Fund,TSX
MDIF,Manulife Dividend Income Fund,TSX
MFC,Manulife Financial Corporation,TSX
MFUN,Manulife Fundamental Equity Fund,TSX
MGAP,Manulife Growth ETF Portfolio,TSX
MCLC,Manulife Multifactor Canadian Large Cap Index ETF,TSX
MCSM,Manulife Multifactor Canadian SMID Cap Index ETF,TSX
MINT,Manulife Multifactor Developed International Index ETF,TSX
MEME.B,Manulife Multifactor Emerging Markets Index ETF,TSX
MULC,Manulife Multifactor U.S. Large Cap Index ETF,TSX
MUMC,Manulife Multifactor U.S. Mid Cap Index ETF,TSX
MUSC,Manulife Multifactor U.S. Small Cap Index ETF,TSX
BSKT,Manulife Smart Core Bond ETF,TSX
CBND,Manulife Smart Corporate Bond ETF,TSX
CDEF,Manulife Smart Defensive Equity ETF,TSX
CDIV,Manulife Smart Dividend ETF,TSX
IDEF.B,Manulife Smart International Defensive Equity ETF,TSX
IDIV.B,Manulife Smart International Dividend ETF,TSX
TERM,Manulife Smart Short-Term Bond ETF,TSX
UDEF,Manulife Smart U.S. Defensive Equity ETF,TSX
UDIV,Manulife Smart U.S. Dividend ETF,TSX
MFI,Maple Leaf Foods Inc.,TSX
MARI,Marimaca Copper Corp.,TSX
MRE,Martinrea International Inc.,TSX
MRV,Marvell Technology CDR (CAD Hedged),TSX
MA,Mastercard CDR (CAD Hedged),TSX
MATR,Mattr Corp.,TSX
MXG,Maxim Power Corp.,TSX
MKP,MCAN Mortgage Corporation,TSX
MCB,McCoy Global Inc.,TSX
MCD,McDonald's CDR (CAD Hedged),TSX
MUX,McEwen Inc.,TSX
MDA,MDA Space Ltd.,TSX
MDP,Medexus Pharmaceuticals Inc.,TSX
DR,Medical Facilities Corporation,TSX
MDNA,Medicenna Therapeutics Corp.,TSX
LABS,MediPharm Labs Corp.,TSX
MGA,Mega Uranium Ltd.,TSX
BNKU,MegaLong (3X) Canadian Banks Daily Leveraged Alternative ETF,TSX
CGMU,MegaLong (3X) Canadian Gold Miners Daily Leveraged Alternative ETF,TSX
QQQU,MegaLong (3X) NASDAQ-100® Daily Leveraged Alternative ETF,TSX
SPYU,MegaLong (3X) S&P 500® Daily Leveraged Alternative ETF,TSX
SOXU,MegaLong (3X) US Semiconductors Daily Leveraged Alternative ETF,TSX
CGMD,MegaShort (-3X) Canadian Gold Miners Daily Leveraged Alternative ETF,TSX
QQQD,MegaShort (-3X) NASDAQ-100® Daily Leveraged Alternative ETF,TSX
SPYD,MegaShort (-3X) S&P 500® Daily Leveraged Alternative ETF,TSX
SOXD,MegaShort (-3X) US Semiconductors Daily Leveraged Alternative ETF,TSX
MRD,Melcor Developments Ltd.,TSX
BENZ,Mercedes-Benz CDR (CAD Hedged),TSX
MRK,Merck CDR (CAD Hedged),TSX
MER,Meren Energy Inc.,TSX
MNO,Meridian Mining plc,TSX
NMBL,Meritage Tactical ETF Balanced Portfolio,TSX
NMEQ,Meritage Tactical ETF Equity Portfolio,TSX
NMGR,Meritage Tactical ETF Growth Portfolio,TSX
NMMO,Meritage Tactical ETF Moderate Portfolio,TSX
META,Meta CDR (CAD Hedged),TSX
MTEK,Metatek-Group Ltd.,TSX
MX,Methanex Corporation,TSX
MRU,Metro Inc.,TSX
MBX,Microbix Biosystems Inc.,TSX
MU,Micron CDR (CAD Hedged),TSX
MSFT,Microsoft CDR (CAD Hedged),TSX
MAEC,Middlefield ActivEnergy Dividend Class,TSX
MDIV,Middlefield Global Dividend Growers ETF,TSX
MINF,Middlefield Global Infrastructure Dividend ETF,TSX
MHCD,Middlefield Healthcare Dividend ETF,TSX
MIPC,Middlefield Income Plus Class,TSX
MREL,Middlefield Real Estate Dividend ETF,TSX
MSBP,Middlefield Short Duration Bond Plus ETF,TSX
MUSA,Middlefield U.S. Equity Dividend ETF,TSX
MSV,Minco Silver Corporation,TSX
MSA,Mineros S.A.,TSX
MAI,Mining Americas Inc.,TSX
MID.UN,MINT Income Fund,TSX
MOAT,Moat Active Premium Yield ETF,TSX
TPX.A,Molson Coors Canada Inc.,TSX
MAU,Montage Gold Corp.,TSX
MS,Morgan Stanley CDR (CAD Hedged),TSX
MRC,Morguard Corporation,TSX
MRG.DB.B,Morguard North American Residential Real Estate Investment Trust,TSX
MRT.DB.A,Morguard Real Estate Investment Trust,TSX
MTY,MTY Food Group Inc.,TSX
MTL,Mullen Group Ltd.,TSX
CBNK,Mulvihill Canadian Bank Enhanced Yield ETF,TSX
MBNK,Mulvihill Canadian Bank ETF,TSX
SPFD,Mulvihill Enhanced Split Preferred Share ETF,TSX
MPY,Mulvihill Premium Yield Fund,TSX
ASHR,Mulvihill Split Capital Share ETF,TSX
PFRD,Mulvihill Split Preferred Share ETF,TSX
NANO,Nano One Materials Corp.,TSX
GRA,NanoXplore Inc.,TSX
NA,National Bank of Canada,TSX
NPRF,NBI Active Canadian Preferred Shares ETF,TSX
NINT,NBI Active International Equity ETF,TSX
NUSA,NBI Active U.S. Equity ETF,TSX
NBLD,NBI Balanced ETF Portfolio,TSX
NBBX,NBI Canadian Bond Index Fund,TSX
NCPB,NBI Canadian Core Plus Bond Fund,TSX
NDIV,NBI Canadian Dividend Income ETF,TSX
NBCG,NBI Canadian Equity Growth Fund,TSX
NBCX,NBI Canadian Equity Index Fund,TSX
NCNS,NBI Conservative ETF Portfolio,TSX
NBEM,NBI Diversified Emerging Markets Equity Fund,TSX
NEQT,NBI Equity ETF Portfolio,TSX
NBGE,NBI Global Equity Fund,TSX
NGPE,NBI Global Private Equity ETF,TSX
NREA,NBI Global Real Assets Income Fund,TSX
NBSC,NBI Global Small Cap Fund,TSX
NGRW,NBI Growth ETF Portfolio,TSX
NHYB,NBI High Yield Bond ETF,TSX
NINV,NBI Innovators Fund,TSX
NBIE,NBI International Equity Fund,TSX
NBIX,NBI International Equity Index Fund,TSX
NBIV,NBI International Value Fund,TSX
NALT,NBI Liquid Alternatives ETF,TSX
NBQC,NBI Quebec Growth Fund,TSX
NSDC,NBI SmartData Canadian Equity Fund,TSX
NSDG,NBI SmartData Global Equity Fund,TSX
NSDI,NBI SmartData International Equity Fund,TSX
NSDU,NBI SmartData U.S. Equity Fund,TSX
NSCB,NBI Sustainable Canadian Bond ETF,TSX
NSCC,NBI Sustainable Canadian Corporate Bond ETF,TSX
NSCE,NBI Sustainable Canadian Equity ETF,TSX
NSSB,NBI Sustainable Canadian Short Term Bond ETF,TSX
NSGE,NBI Sustainable Global Equity ETF,TSX
NTGA,NBI Target 2026 Investment Grade Bond Fund,TSX
NTGB,NBI Target 2027 Investment Grade Bond Fund,TSX
NTGC,NBI Target 2028 Investment Grade Bond Fund,TSX
NTGD,NBI Target 2029 Investment Grade Bond Fund,TSX
NTGE,NBI Target 2030 Investment Grade Bond Fund,TSX
NTGF,NBI Target 2031 Investment Grade Bond Fund,TSX
NTHM,NBI Thematic Rotation ETF,TSX
NBUE,NBI U.S. Equity Fund,TSX
NBUX,NBI U.S. Equity Index Fund,TSX
NUBF,NBI Unconstrained Fixed Income ETF,TSX
NEO,Neo Performance Materials Inc.,TSX
NSTL,Nestlé CDR (CAD Hedged),TSX
NFLX,Netflix CDR (CAD Hedged),TSX
AIAI,NetraMark Holdings Inc.,TSX
NUAG,New Pacific Metals Corp.,TSX
NXE,NexGen Energy Ltd.,TSX
NEE,NextEra Energy CDR (CAD Hedged),TSX
NEXT,NextSource Materials Inc.,TSX
NXR.UN,Nexus Industrial REIT,TSX
NFI,NFI Group Inc.,TSX
GASX,NG Energy International Corp.,TSX
NGEX,NGEx Minerals Ltd.,TSX
NKE,NIKE CDR (CAD Hedged),TSX
GOHI,Ninepoint Alphabet HighShares ETF,TSX
NACO,Ninepoint Alternative Credit Opportunities Fund,TSX
NBAL,Ninepoint Balanced+ Fund,TSX
ABHI,Ninepoint Barrick HighShares ETF,TSX
BCHI,Ninepoint BCE HighShares ETF,TSX
CCHI,Ninepoint Cameco HighShares ETF,TSX
CQHI,Ninepoint Canadian Natural Resources HighShares ETF,TSX
NSAV,Ninepoint Cash Management Fund,TSX
CLHI,Ninepoint Celestica HighShares ETF,TSX
CRHI,Ninepoint CNR HighShares ETF,TSX
CSUC,Ninepoint Constellation Software CoreShares ETF,TSX
CSHI,Ninepoint Constellation Software HighShares ETF,TSX
TKN,Ninepoint Crypto and AI Leaders ETF,TSX
NBND,Ninepoint Diversified Bond Fund,TSX
ENHI,Ninepoint Enbridge HighShares ETF,TSX
NNRG,Ninepoint Energy Fund,TSX
NRGI,Ninepoint Energy Income Fund,TSX
ECHI,Ninepoint Enhanced Canadian HighShares ETF,TSX
INFR,Ninepoint Global Infrastructure Fund,TSX
GBSL,Ninepoint Global Select Fund,TSX
GLDE,Ninepoint Gold and Precious Minerals Fund,TSX
GBUL,Ninepoint Gold Bullion Fund,TSX
INHI,Ninepoint Intel HighShares ETF,TSX
KGHI,Ninepoint Kinross Gold HighShares ETF,TSX
NMNG,Ninepoint Mining Evolution Fund,TSX
NVHI,Ninepoint NVIDIA HighShares ETF,TSX
PLHI,Ninepoint Palantir HighShares ETF,TSX
RYHI,Ninepoint Royal Bank HighShares ETF,TSX
SHHI,Ninepoint Shopify HighShares ETF,TSX
SBUL,Ninepoint Silver Bullion Fund,TSX
SXHI,Ninepoint SpaceX HighShares ETF,TSX
SUHI,Ninepoint Suncor HighShares ETF,TSX
TIF,Ninepoint Target Income Fund,TSX
TDHI,Ninepoint TD HighShares ETF,TSX
TSHI,Ninepoint Tesla HighShares ETF,TSX
NOA,North American Construction Group Ltd.,TSX
FFN,North American Financial 15 Split Corp.,TSX
NWC,North West Company Inc. (The),TSX
NCF,Northcliff Resources Ltd.,TSX
NDM,Northern Dynasty Minerals Ltd.,TSX
NPI,Northland Power Inc.,TSX
NOC,Northrop Grumman CDR (CAD Hedged),TSX
NRR.UN,Northview Residential REIT,TSX
NOU,Nouveau Monde Graphite Inc.,TSX
NG,NovaGold Resources Inc.,TSX
NVS,Novartis CDR (CAD Hedged),TSX
NOVO,Novo Nordisk CDR (CAD Hedged),TSX
NVO,Novo Resources Corp.,TSX
NTR,Nutrien Ltd.,TSX
NVDA,Nvidia CDR (CAD Hedged),TSX
SFD,NXT Energy Solutions Inc.,TSX
OBE,Obsidian Energy Ltd.,TSX
OXY,Occidental Petroleum CDR (CAD Hedged),TSX
OGC,OceanaGold Corporation,TSX
OLY,Olympia Financial Group Inc.,TSX
ONEX,ONEX Corporation,TSX
OTEX,Open Text Corporation,TSX
OR,OR Royalties Inc.,TSX
ORAC,Oracle CDR (CAD Hedged),TSX
OGD,Orbit Garant Drilling Inc.,TSX
ORE,Orezone Gold Corporation,TSX
OGI,Organigram Global Inc.,TSX
ORIO,Orion Digital Corp.,TSX
ORV,Orvana Minerals Corp.,TSX
OM,Osisko Metals Incorporated,TSX
OCG,Outcrop Silver & Gold Corporation,TSX
OVV,Ovintiv Inc.,TSX
PDN,Paladin Energy Ltd.,TSX
PLTR,Palantir CDR (CAD Hedged),TSX
PANW,Palo Alto Networks CDR (CAD Hedged),TSX
PAAS,Pan American Silver Corp.,TSX
POU,Paramount Resources Ltd.,TSX
PXT,Parex Resources Inc.,TSX
PVS.PR.H,Partners Value Split Corp.,TSX
PSI,Pason Systems Inc.,TSX
PYPL,PayPal CDR (CAD Hedged),TSX
PPL,Pembina Pipeline Corporation,TSX
PEP,Pepsi CDR (CAD Hedged),TSX
PPTA,Perpetua Resources Corp.,TSX
PRU,Perseus Mining Limited,TSX
PET,Pet Valu Holdings Ltd.,TSX
TAL,PetroTal Corp.,TSX
PRQ,Petrus Resources Ltd.,TSX
PEY,Peyto Exploration & Development Corp.,TSX
PFE,Pfizer CDR (CAD Hedged),TSX
ZYNS,Philip Morris CDR (CAD Hedged),TSX
PCA,Phoenix Metals Corp.,TSX
PHX,PHX Energy Services Corp.,TSX
PFIA,PICTON  Long Short Income  Alternative Fund,TSX
PFCB,PICTON Core Bond Fund,TSX
PFCO,PICTON Credit Opportunities Alternative Fund,TSX
PFIN,PICTON Income Fund,TSX
PFIG,PICTON Investment Grade Alternative Fund,TSX
PFAE,PICTON Long Short Equity (130/30) Alternative Fund,TSX
PFLS,PICTON Long Short Equity Alternative Fund,TSX
PFMN,PICTON Market Neutral Equity Alternative Fund,TSX
PFAA,PICTON Multi-Strategy Alpha Alternative Fund,TSX
PFMS,PICTON Multi-Strategy Alternative Fund,TSX
CORE,PIMCO Canadian Core Bond Fund,TSX
PGI.UN,PIMCO Global Income Opportunities Fund,TSX
PMNT,PIMCO Global Short Maturity Fund (Canada),TSX
IGCF,PIMCO Investment Grade Credit Fund (Canada),TSX
PLDI,PIMCO Low Duration Monthly Income Fund (Canada),TSX
PBAL,PIMCO Managed Balanced Portfolio,TSX
PCON,PIMCO Managed Conservative Bond Pool,TSX
PCOR,PIMCO Managed Core Bond Pool,TSX
PMEI.UN,PIMCO Monthly Enhanced Income Fund,TSX
PMIF,PIMCO Monthly Income Fund (Canada),TSX
PNE,Pine Cliff Energy Ltd.,TSX
PNP,Pinetree Capital Ltd.,TSX
PZA,Pizza Pizza Royalty Corp.,TSX
PTM,Platinum Group Metals Ltd.,TSX
PLZ.UN,Plaza Retail REIT,TSX
PMET,PMET Resources Inc.,TSX
PIF,Polaris Renewable Energy Inc.,TSX
PBL,Pollard Banknote Limited,TSX
PNC.A,Postmedia Network Canada Corp.,TSX
PWI,Power & Infrastructure Split Corp.,TSX
POW,Power Corporation of Canada,TSX
PWF.PF.A,Power Financial Corporation,TSX
PPR,Prairie Provident Resources Inc.,TSX
PSK,PrairieSky Royalty Ltd.,TSX
MMP.UN,Precious Metals and Mining Trust,TSX
PD,Precision Drilling Corporation,TSX
PDI,Predictive Discovery Limited,TSX
PBH,Premium Brands Holdings Corporation,TSX
MCAD,Premium Cash Management Fund,TSX
PGIC,Premium Global Income Split Fund,TSX
PIC.A,Premium Income Corporation,TSX
PMZ.UN,Primaris Real Estate Investment Trust,TSX
PDV,Prime Dividend Corp.,TSX
PRV.DB,PRO Real Estate Investment Trust,TSX
PG,Procter & Gamble CDR (CAD Hedged),TSX
PRN,Profound Medical Corp.,TSX
PRL,Propel Holdings Inc.,TSX
PSD,Pulse Seismic Inc.,TSX
PABF,Purpose Active Balanced Fund,TSX
PACF,Purpose Active Conservative Fund,TSX
PAGF,Purpose Active Growth Fund,TSX
PBI,Purpose Best Ideas Fund,TSX
BTCC,Purpose Bitcoin ETF,TSX
BTCY,Purpose Bitcoin Yield ETF,TSX
BNC,Purpose Canadian Financial Income Fund,TSX
MNY,Purpose Cash Management Fund,TSX
PRP,Purpose Conservative Income Fund,TSX
BTCO.B,Purpose Core Bitcoin ETF,TSX
PDF,Purpose Core Dividend Fund,TSX
ETHO.B,Purpose Core Ether ETF,TSX
CROC,Purpose Credit Opportunities Class,TSX
CROP,Purpose Credit Opportunities Fund,TSX
PRA,Purpose Diversified Real Asset Fund,TSX
PDIV,Purpose Enhanced Dividend Fund,TSX
PAYF,Purpose Enhanced Premium Yield Fund,TSX
ETHH,Purpose Ether ETF,TSX
ETHY,Purpose Ether Yield ETF,TSX
IGB,Purpose Global Bond Class,TSX
BND,Purpose Global Bond Fund,TSX
FLX,Purpose Global Flexible Credit Fund,TSX
PINV,Purpose Global Innovators Fund,TSX
PGRX,Purpose Global Resource Fund,TSX
KILO,Purpose Gold Bullion Fund,TSX
PSA,Purpose High Interest Savings Fund,TSX
PID,Purpose International Dividend Fund,TSX
PHW,Purpose International Enhanced Equity Income Fund,TSX
PIN,Purpose Monthly Income Fund,TSX
PINC,Purpose Multi-Asset Income Fund,TSX
PMM,Purpose Multi-Strategy Market Neutral Fund,TSX
PYF,Purpose Premium Yield Fund,TSX
PHR,Purpose Real Estate Income Fund,TSX
SBT,Purpose Silver Bullion Fund,TSX
SOLL,Purpose Solana ETF,TSX
SYLD,Purpose Strategic Yield Fund,TSX
PSY,Purpose Structured Equity Yield Fund,TSX
PHE,Purpose Tactical Hedged Equity Fund,TSX
PBD,Purpose Total Return Bond Fund,TSX
PSU.U,Purpose US Cash Fund,TSX
MNU.U,Purpose USD Cash Management Fund,TSX
XRPP,Purpose XRP ETF,TSX
PYR,PyroGenesis Inc.,TSX
PREF,Quadravest Preferred Split Share ETF,TSX
QCOM,Qualcomm CDR (CAD Hedged),TSX
PWRS,Quanta Services CDR (CAD Hedged),TSX
QTRH,Quarterhill Inc.,TSX
QBR.A,Quebecor Inc.,TSX
QRC,Queen's Road Capital Investment Ltd.,TSX
QEC,Questerre Energy Corporation,TSX
RAV.UN,Ravensource Fund,TSX
RBA,"RB Global, Inc.",TSX
RLB,RBC 1-5 Year Laddered Canadian Bond ETF,TSX
RBO,RBC 1-5 Year Laddered Canadian Corporate Bond ETF,TSX
RBNK,RBC Canadian Bank Yield Index ETF,TSX
RCDC,RBC Canadian Dividend Covered Call ETF,TSX
RCAN,RBC Canadian Equity ETF,TSX
RPF,RBC Canadian Preferred Share ETF,TSX
RUST,RBC Canadian Ultra Short Term Bond ETF,TSX
RCD,RBC Quant Canadian Dividend Leaders ETF,TSX
RIDH,RBC Quant EAFE Dividend Leaders (CAD Hedged) ETF,TSX
RID,RBC Quant EAFE Dividend Leaders ETF,TSX
RPDH,RBC Quant European Dividend Leaders (CAD Hedged) ETF,TSX
RPD,RBC Quant European Dividend Leaders ETF,TSX
RUDH,RBC Quant U.S. Dividend Leaders (CAD Hedged) ETF,TSX
RUD,RBC Quant U.S. Dividend Leaders ETF,TSX
RUSB,RBC Short Term U.S. Corporate Bond ETF,TSX
RQO,RBC Target 2026 Canadian Corporate Bond Index ETF,TSX
RGQO,RBC Target 2026 Canadian Government Bond ETF,TSX
RUQO,RBC Target 2026 U.S. Corporate Bond ETF,TSX
RQP,RBC Target 2027 Canadian Corporate Bond Index ETF,TSX
RGQP,RBC Target 2027 Canadian Government Bond ETF,TSX
RUQP,RBC Target 2027 U.S. Corporate Bond ETF,TSX
RQQ,RBC Target 2028 Canadian Corporate Bond Index ETF,TSX
RGQQ,RBC Target 2028 Canadian Government Bond ETF,TSX
RUQQ,RBC Target 2028 U.S. Corporate Bond ETF,TSX
RQR,RBC Target 2029 Canadian Corporate Bond Index ETF,TSX
RGQR,RBC Target 2029 Canadian Government Bond ETF,TSX
RUQR,RBC Target 2029 U.S. Corporate Bond ETF,TSX
RQS,RBC Target 2030 Canadian Corporate Bond Index ETF,TSX
RGQS,RBC Target 2030 Canadian Government Bond ETF,TSX
RUQS,RBC Target 2030 U.S. Corporate Bond ETF,TSX
RQT,RBC Target 2031 Canadian Corporate Bond ETF,TSX
RGQT,RBC Target 2031 Canadian Government Bond ETF,TSX
RUQT,RBC Target 2031 U.S. Corporate Bond ETF,TSX
RQU,RBC Target 2032 Canadian Corporate Bond ETF,TSX
RGQU,RBC Target 2032 Canadian Government Bond ETF,TSX
RUQU,RBC Target 2032 U.S. Corporate Bond ETF,TSX
RDBH,RBC U.S. Discount Bond (CAD Hedged) ETF,TSX
RUDB,RBC U.S. Discount Bond ETF,TSX
RUDC,RBC U.S. Dividend Covered Call ETF,TSX
RUSA,RBC U.S. Large-Cap Equity ETF,TSX
RS,Real Estate Split Corp.,TSX
REAL,Real Matters Inc.,TSX
RDDT,Reddit CDR (CAD Hedged),TSX
QSR,Restaurant Brands International Inc.,TSX
QSP.UN,Restaurant Brands International Limited Partnership,TSX
RVX,Resverlogix Corp.,TSX
RGBM,Return Stacked® Global Balanced & Macro ETF,TSX
RFA,RFA Financial Inc.,TSX
RIC,Richards Group Inc.,TSX
RCH,Richelieu Hardware Ltd.,TSX
RIO,Rio2 Limited,TSX
REI.UN,RioCan Real Estate Investment Trust,TSX
HOOD,Robinhood CDR (CAD Hedged),TSX
ROG,Roche CDR (CAD Hedged),TSX
RKLC,Rocklinc Principled Equity ETF,TSX
RGSI,Rockpoint Gas Storage Inc.,TSX
RCI.A,Rogers Communications Inc.,TSX
RSI,Rogers Sugar Inc.,TSX
ROOT,Roots Corporation,TSX
RM,Roxmore Resources Inc.,TSX
RY,Royal Bank of Canada,TSX
MNT,Royal Canadian Mint - Canadian Gold Reserves,TSX
MNS,Royal Canadian Mint - Canadian Silver Reserves,TSX
RTG,RTG Mining Inc.,TSX
RTX,RTX CDR (CAD Hedged),TSX
RUA,Rua Gold Inc.,TSX
RBY,Rubellite Energy Corp.,TSX
RUS,Russel Metals Inc.,TSX
RBND,Russell Investments Core Plus Fixed Income ETF,TSX
HALO,Russell Investments Fallen Angels ETF,TSX
RIFI,Russell Investments Fixed Income Pool,TSX
RIGE,Russell Investments Global Equity Pool,TSX
RIIN,Russell Investments Global Infrastructure Pool,TSX
RQCA,Russell Investments Multi-Factor Canadian Equity Pool,TSX
RQIN,Russell Investments Multi-Factor International Equity Pool,TSX
RQUS,Russell Investments Multi-Factor US Equity Pool,TSX
RIRA,Russell Investments Real Assets,TSX
SPGI,S&P Global CDR (CAD Hedged),TSX
MIC.PR.A,Sagen MI Canada Inc.,TSX
SFC,Sagicor Financial Company Ltd.,TSX
CRM,Salesforce CDR (CAD Hedged),TSX
SLT,Saltire Capital Ltd.,TSX
SNDK,Sandisk CDR (CAD Hedged),TSX
STC,Sangoma Technologies Corporation,TSX
SNY,Sanofi CDR (CAD Hedged),TSX
SAPS,SAP CDR (CAD Hedged),TSX
SAP,Saputo Inc.,TSX
MSCL,Satellos Bioscience Inc.,TSX
SOIL,Saturn Oil & Gas Inc.,TSX
SIS,Savaria Corporation,TSX
AAPU,SavvyLong (2X) AAPL ETF,TSX
AMDU,SavvyLong (2X) AMD ETF,TSX
AMZU,SavvyLong (2X) AMZN ETF,TSX
ABXU,SavvyLong (2X) Barrick ETF,TSX
CCOU,SavvyLong (2X) Cameco ETF,TSX
CNQU,SavvyLong (2X) Cdn Natural Resources ETF,TSX
COIU,SavvyLong (2X) COIN ETF,TSX
CSUU,SavvyLong (2X) Constellation Software ETF,TSX
ALPU,SavvyLong (2X) GOOGL ETF,TSX
RBNU,SavvyLong (2X) HOOD ETF,TSX
METU,SavvyLong (2X) META ETF,TSX
MUU,SavvyLong (2X) Micron ETF,TSX
MSFU,SavvyLong (2X) MSFT ETF,TSX
MSTU,SavvyLong (2X) MSTR ETF,TSX
NVDU,SavvyLong (2X) NVDA ETF,TSX
PLTU,SavvyLong (2X) PLTR ETF,TSX
SHPU,SavvyLong (2X) Shopify ETF,TSX
ORBU,SavvyLong (2X) SpaceX ETF,TSX
TSLU,SavvyLong (2X) TSLA ETF,TSX
COMU,SavvyLong 2X CIBC (CM) Equity-Linked ETF,TSX
NBCU,SavvyLong 2X NBC (NA) Equity-Linked ETF,TSX
RBCU,SavvyLong 2X RBC (RY) Equity-Linked ETF,TSX
TDU,SavvyLong 2X TDB (TD) Equity-Linked ETF,TSX
OILU,SavvyLong Geared Crude Oil ETF,TSX
GASU,SavvyLong Geared Natural Gas ETF,TSX
COID,SavvyShort (-2X) COIN ETF,TSX
MSTZ,SavvyShort (-2X) MSTR ETF,TSX
NVDD,SavvyShort (-2X) NVDA ETF,TSX
SHPD,SavvyShort (-2X) Shopify ETF,TSX
TSLD,SavvyShort (-2X) TSLA ETF,TSX
OILD,SavvyShort Geared Crude Oil ETF,TSX
GASD,SavvyShort Geared Natural Gas ETF,TSX
SCHN,Schneider Electric CDR (CAD Hedged),TSX
SEA,Seabridge Gold Inc.,TSX
SES,Secure Waste Infrastructure Corp.,TSX
PME,Sentry Select Primary Metals Corp.,TSX
SEC,Senvest Capital Inc.,TSX
SBI,Serabi Gold plc,TSX
SVA,Sernova Biotherapeutics Inc.,TSX
NOWS,ServiceNow CDR (CAD Hedged),TSX
S,Sherritt International Corporation,TSX
SHOP,Shopify Inc.,TSX
SMNS,Siemens CDR (CAD Hedged),TSX
SIA,Sienna Senior Living Inc.,TSX
SVB,"Silver Bull Resources, Inc.",TSX
ELEF,Silver Elephant Mining Corp.,TSX
AGMR,Silver Mountain Resources Inc.,TSX
SLVR,Silver Tiger Metals Inc.,TSX
SVM,Silvercorp Metals Inc.,TSX
SRV.UN,SIR Royalty Income Fund,TSX
SKE,Skeena Resources Limited,TSX
SGR.U,Slate Grocery REIT,TSX
SBLG,SLGI MFS Blended Research Low Vol Global Fund,TSX
SBLI,SLGI MFS Blended Research Low Vol International Fund,TSX
SRU.UN,SmartCentres Real Estate Investment Trust,TSX
SGD,Snowline Gold Corp.,TSX
SLS,Solaris Resources Inc.,TSX
SLR,Solitario Resources Corp.,TSX
SFI,Solution Financial Inc.,TSX
SHLE,Source Energy Services Ltd.,TSX
SOBO,South Bow Corporation,TSX
SXGC,Southern Cross Gold Consolidated Ltd.,TSX
SPCX,SpaceX CDR (CAD Hedged),TSX
SDE,Spartan Delta Corp.,TSX
EDT,Spectral Medical Inc.,TSX
TOY,Spin Master Corp.,TSX
SII,Sprott Inc.,TSX
COP.U,Sprott Physical Copper Trust,TSX
CEF,Sprott Physical Gold and Silver Trust,TSX
PHYS,Sprott Physical Gold Trust,TSX
SPPP,Sprott Physical Platinum and Palladium Trust,TSX
PSLV,Sprott Physical Silver Trust,TSX
U.U,Sprott Physical Uranium Trust,TSX
SSRM,SSR Mining Inc.,TSX
SAU,St. Augustine Gold and Copper Limited,TSX
STCK,Stack Capital Group Inc.,TSX
STN,Stantec Inc.,TSX
DIAM,Star Diamond Corporation,TSX
SBUX,Starbucks CDR (CAD Hedged),TSX
SAM,Starcore International Mines Ltd.,TSX
SJ,Stella-Jones Inc.,TSX
STGO,Steppe Gold Ltd.,TSX
RAY,Stingray Group Inc.,TSX
STLR,STLLR Gold Inc.,TSX
SVI,StorageVault Canada Inc.,TSX
STG,STRACON Group Holding Inc.,TSX
MSTR,Strategy CDR (CAD Hedged),TSX
SCR,Strathcona Resources Ltd.,TSX
SYK,Stryker CDR (CAD Hedged),TSX
SLCA,Sun Life Core Advantage Credit Private Pool,TSX
SLSC,Sun Life Crescent Specialty Credit Private Pool,TSX
SLF,Sun Life Financial Inc.,TSX
SLGC,Sun Life MFS Global Core Plus Bond Fund,TSX
SU,Suncor Energy Inc.,TSX
SPB,Superior Plus Corp.,TSX
SMCI,Supermicro CDR (CAD Hedged),TSX
SXP,Supremex Inc.,TSX
SGY,Surge Energy Inc.,TSX
SIH.UN,Sustainable Innovation & Health Dividend Fund,TSX
SWP,Swiss Water Decaffeinated Coffee Inc.,TSX
SYZ,Sylogist Ltd.,TSX
TMUS,T-Mobile CDR (CAD Hedged),TSX
TBL,Taiga Building Products Ltd.,TSX
TALA,Talamore Mining Corp.,TSX
TSK,Talisker Resources Ltd.,TSX
TLO,Talon Metals Corp.,TSX
TVE,Tamarack Valley Energy Ltd.,TSX
GRID,Tantalus Systems Holding Inc.,TSX
TRP,TC Energy Corporation,TSX
TGED,TD Active Global Enhanced Dividend ETF,TSX
TGGR,TD Active Global Equity Growth ETF,TSX
TGFI,TD Active Global Income ETF,TSX
TINF,TD Active Global Infrastructure Equity ETF,TSX
TGRE,TD Active Global Real Estate Equity ETF,TSX
TPRF,TD Active Preferred Share ETF,TSX
TUEX,TD Active U.S. Enhanced Dividend CAD Hedged ETF,TSX
TUED,TD Active U.S. Enhanced Dividend ETF,TSX
TUHY,TD Active U.S. High Yield Bond ETF,TSX
TEQT,TD All-Equity ETF Portfolio,TSX
TCOM,TD Alternative Commodities Pool,TSX
TBAL,TD Balanced ETF Portfolio,TSX
TDB,TD Canadian Aggregate Bond Index ETF,TSX
TBNK,TD Canadian Bank Dividend Index ETF,TSX
TCCB,TD Canadian Corporate Bond Fund,TSX
TTP,TD Canadian Equity Index ETF,TSX
TCLB,TD Canadian Long Term Federal Bond ETF,TSX
TCSH,TD Cash Management ETF,TSX
TCON,TD Conservative ETF Portfolio,TSX
TDOC,TD Global Healthcare Leaders Index ETF,TSX
TECI,TD Global Technology Innovators Index ETF,TSX
TECX,TD Global Technology Leaders CAD Hedged Index ETF,TSX
TEC,TD Global Technology Leaders Index ETF,TSX
TGRO,TD Growth ETF Portfolio,TSX
THE,TD International Equity CAD Hedged Index ETF,TSX
TPE,TD International Equity Index ETF,TSX
TDNA,TD North American Dividend Fund,TSX
TQCD,TD Q Canadian Dividend ETF,TSX
TCLV,TD Q Canadian Low Volatility ETF,TSX
TQGD,TD Q Global Dividend ETF,TSX
TQGM,TD Q Global Multifactor ETF,TSX
TILV,TD Q International Low Volatility ETF,TSX
TULV,TD Q U.S. Low Volatility ETF,TSX
TQSM,TD Q U.S. Small-Mid-Cap Equity ETF,TSX
TCSB,TD Select Short Term Corporate Bond Ladder ETF,TSX
TUSB,TD Select U.S. Short Term Corporate Bond Ladder ETF,TSX
TSTB,TD Short Term Bond Fund,TSX
TBCF,TD Target 2026 Investment Grade Bond ETF,TSX
TBUF.U,TD Target 2026 U.S. Investment Grade Bond ETF,TSX
TBCG,TD Target 2027 Investment Grade Bond ETF,TSX
TBUG.U,TD Target 2027 U.S. Investment Grade Bond ETF,TSX
TBCH,TD Target 2028 Investment Grade Bond ETF,TSX
TBCI,TD Target 2029 Investment Grade Bond ETF,TSX
TBCJ,TD Target 2030 Investment Grade Bond ETF,TSX
TUSD.U,TD U.S. Cash Management ETF,TSX
THU,TD U.S. Equity CAD Hedged Index ETF,TSX
TPU,TD U.S. Equity Index ETF,TSX
TULB,TD U.S. Long Term Treasury Bond ETF,TSX
TUST,TD Ultra Short Term Bond Fund,TSX
XTD,TDb Split Corp.,TSX
TECK.A,Teck Resources Limited,TSX
TCS,TECSYS Inc.,TSX
TSAT,Telesat Corporation,TSX
T,TELUS Corporation,TSX
TELY,TelyRx Holdings Inc.,TSX
TNZ,Tenaz Energy Corp.,TSX
TGO,TeraGo Inc.,TSX
TSND,TerrAscend Corp.,TSX
TVK,TerraVest Industries Inc.,TSX
TSLA,Tesla CDR (CAD Hedged),TSX
TXN,Texas Instruments CDR (CAD Hedged),TSX
TFII,TFI International Inc.,TSX
QETH.U,The Ether Fund,TSX
TMO,Thermo Fisher CDR (CAD Hedged),TSX
THNC,Thinkific Labs Inc.,TSX
TRI,Thomson Reuters Corporation,TSX
TWM,Tidewater Midstream and Infrastructure Ltd.,TSX
LCFS,Tidewater Renewables Ltd.,TSX
TLRY,"Tilray Brands, Inc.",TSX
TF,Timbercreek Financial Corp.,TSX
TINY,Tiny Ltd.,TSX
TI,Titan Mining Corporation,TSX
TJX,TJX CDR (CAD Hedged),TSX
X,TMX Group Limited,TSX
TPZ,Topaz Energy Corp.,TSX
TXG,Torex Gold Resources Inc.,TSX
TIH,Toromont Industries Ltd.,TSX
TD,Toronto-Dominion Bank (The),TSX
TOT,Total Energy Services Inc.,TSX
TTES,TotalEnergies CDR (CAD Hedged),TSX
TXP,Touchstone Exploration Inc.,TSX
TOU,Tourmaline Oil Corp.,TSX
TCCA,Trading Central Quant Canada 50 Equity Index ETF,TSX
TCEU,Trading Central Quant Europe 50 Equity Index ETF,TSX
TCWW,Trading Central Quant Global 50 Equity Index ETF,TSX
TCUS,Trading Central Quant U.S. 50 Equity Index ETF,TSX
TGAF,Tralucent Global Alt (Long/Short) Equity Fund,TSX
TA,TransAlta Corporation,TSX
TRZ,Transat A.T. Inc.,TSX
TCL.A,Transcontinental Inc.,TSX
TSL,Tree Island Steel Ltd.,TSX
TKO,Trekor Metals Limited,TSX
TCW,Trican Well Service Ltd.,TSX
TMQ,Trilogy Metals Inc.,TSX
TFPM,Triple Flag Precious Metals Corp.,TSX
TSU,Trisura Group Ltd.,TSX
TLG,Troilus Mining Corp.,TSX
TERP,TRU.X Exogenous Risk Pool,TSX
TNT.UN,True North Commercial Real Estate Investment Trust,TSX
TRX,TRX Gold Corporation,TSX
TC,Tucows Inc.,TSX
TVA.B,TVA Group Inc.,TSX
TWC,TWC Enterprises Limited,TSX
UBER,Uber CDR (CAD Hedged),TSX
UBSS,UBS CDR (CAD Hedged),TSX
UNP,Union Pacific CDR (CAD Hedged),TSX
UNI,Unisync Corp.,TSX
UNC,United Corporations Limited,TSX
UNH,UnitedHealth CDR (CAD Hedged),TSX
UPS,UPS CDR (CAD Hedged),TSX
URE,Ur-Energy Inc.,TSX
URB,Urbana Corporation,TSX
FTU,US Financial 15 Split Corp.,TSX
HISU.U,US High Interest Savings Account Fund,TSX
MUSD.U,US Premium Cash Management Fund,TSX
VLE,Valeura Energy Inc.,TSX
VGC,Valor Gold Corp.,TSX
VEQT,Vanguard All-Equity ETF Portfolio,TSX
VBAL,Vanguard Balanced ETF Portfolio,TSX
VAB,Vanguard Canadian Aggregate Bond Index ETF,TSX
VCB,Vanguard Canadian Corporate Bond Index ETF,TSX
VGV,Vanguard Canadian Government Bond Index ETF,TSX
VLB,Vanguard Canadian Long-Term Bond Index ETF,TSX
VSB,Vanguard Canadian Short-Term Bond Index ETF,TSX
VSC,Vanguard Canadian Short-Term Corporate Bond Index ETF,TSX
VVSG,Vanguard Canadian Ultra-Short Government Bond Index ETF,TSX
VCNS,Vanguard Conservative ETF Portfolio,TSX
VCIP,Vanguard Conservative Income ETF Portfolio,TSX
VIGG,Vanguard Developed ex-North America Dividend Appreciation Index ETF,TSX
VCN,Vanguard FTSE Canada All Cap Index ETF,TSX
VCE,Vanguard FTSE Canada Index ETF,TSX
VRE,Vanguard FTSE Canadian Capped REIT Index ETF,TSX
VDY,Vanguard FTSE Canadian High Dividend Yield Index ETF,TSX
VIU,Vanguard FTSE Developed All Cap ex North America Index ETF,TSX
VI,Vanguard FTSE Developed All Cap ex North America Index ETF (CAD-Hedged),TSX
VDU,Vanguard FTSE Developed All Cap Ex U.S. Index ETF,TSX
VEF,Vanguard FTSE Developed All Cap Ex U.S. Index ETF (CAD-hedged),TSX
VA,Vanguard FTSE Developed Asia Pacific All Cap Index ETF,TSX
VE,Vanguard FTSE Developed Europe All Cap Index ETF,TSX
VIDY,Vanguard FTSE Developed ex North America High Dividend Yield Index ETF,TSX
VEE,Vanguard FTSE Emerging Markets All Cap Index ETF,TSX
VXC,Vanguard FTSE Global All Cap ex Canada Index ETF,TSX
VVO,Vanguard Global Minimum Volatility ETF,TSX
VMO,Vanguard Global Momentum Factor ETF,TSX
VVL,Vanguard Global Value Factor ETF,TSX
VGRO,Vanguard Growth ETF Portfolio,TSX
VUN,Vanguard Morningstar U.S. Total Market Index ETF,TSX
VUS,Vanguard Morningstar U.S. Total Market Index ETF (CAD-hedged),TSX
VRIF,Vanguard Retirement Income ETF Portfolio,TSX
VFV,Vanguard S&P 500 Index ETF,TSX
VSP,Vanguard S&P 500 Index ETF (CAD-hedged),TSX
VGG,Vanguard U.S. Dividend Appreciation Index ETF,TSX
VGH,Vanguard U.S. Dividend Appreciation Index ETF (CAD-hedged),TSX
VUDV,Vanguard U.S. High Dividend Yield Index ETF,TSX
VUDH,Vanguard U.S. High Dividend Yield Index ETF (CAD-hedged),TSX
VCM,Vecima Networks Inc.,TSX
VLN,Velan Inc.,TSX
NPK,Verde Agritech Ltd.,TSX
VZ,Verizon CDR (CAD Hedged),TSX
VET,Vermilion Energy Inc.,TSX
VBNK,VersaBank,TSX
VMET,Versamet Royalties Corporation,TSX
FORA,VerticalScope Holdings Inc.,TSX
VRTS,Vertiqal Studios Corp.,TSX
VRT,Vertiv CDR (CAD Hedged),TSX
VISA,Visa CDR (CAD Hedged),TSX
VGZ,Vista Gold Corp.,TSX
VITL.DB.H,Vital Infrastructure Property Trust,TSX
VHI,Vitalhub Corp.,TSX
VZLA,Vizsla Silver Corp.,TSX
FLT,Volatus Aerospace Inc.,TSX
VOXR,Vox Royalty Corp.,TSX
WJX,Wajax Corporation,TSX
WFC,Wall Financial Corporation,TSX
WM,Wallbridge Mining Company Limited,TSX
WMT,Walmart CDR (CAD Hedged),TSX
DIS,Walt Disney CDR (CAD Hedged),TSX
WCN,"Waste Connections, Inc.",TSX
WAST,Waste Management CDR (CAD Hedged),TSX
WAAV,WaveFront All-Weather Alternative Fund,TSX
WSRD,Wealthsimple Developed Markets ex North America Socially Responsible Index ETF,TSX
WSRI,Wealthsimple North America Socially Responsible Index ETF,TSX
WELL,WELL Health Technologies Corp.,TSX
WFCS,Wells Fargo CDR (CAD Hedged),TSX
WDO,Wesdome Gold Mines Ltd.,TSX
WFG,West Fraser Timber Co. Ltd.,TSX
WRN,Western Copper and Gold Corporation,TSX
WDC,Western Digital CDR (CAD Hedged),TSX
WRG,Western Energy Services Corp.,TSX
WEF,Western Forest Products Inc.,TSX
WRX,Western Resources Corp.,TSX
WGX,Westgold Resources Limited,TSX
WPRT,Westport Fuel Systems Inc.,TSX
WTE,Westshore Terminals Investment Corporation,TSX
WPM,Wheaton Precious Metals Corp.,TSX
WCP,Whitecap Resources Inc.,TSX
WILD,WildBrain Ltd.,TSX
WCM.A,Wilmington Capital Management Inc.,TSX
WPK,Winpak Ltd.,TSX
WSP,WSP Global Inc.,TSX
XNDU,Xanadu Quantum Technologies Limited,TSX
XTG,Xtra-Gold Resources Corp.,TSX
XTRA,Xtract One Technologies Inc.,TSX
YGR,Yangarra Resources Ltd.,TSX
Y,Yellow Pages Limited,TSX
YRB,Yorbeau Resources Inc.,TSX
